BEGIN TRANSACTION;
DROP TABLE IF EXISTS tudos;
CREATE TABLE IF NOT EXISTS tudos (
	id      INTEGER,
	nev     TEXT,
	terulet TEXT,
	PRIMARY KEY(id)
);
INSERT INTO tudos VALUES (1,'Ádám Veronika','természettudományok');
INSERT INTO tudos VALUES (2,'Agócs Zoltán','műszaki tudományok');
INSERT INTO tudos VALUES (3,'Almár Iván','természettudományok');
INSERT INTO tudos VALUES (4,'Andrásfalvy Bertalan','bölcsésztudományok');
INSERT INTO tudos VALUES (5,'Balázs Ervin','agrártudományok');
INSERT INTO tudos VALUES (6,'Bán Zsófia','bölcsésztudományok');
INSERT INTO tudos VALUES (7,'Barabási Albert-László','természettudományok');
INSERT INTO tudos VALUES (8,'Bartholy Judit','természettudományok');
INSERT INTO tudos VALUES (9,'Békesi László','társadalomtudományok');
INSERT INTO tudos VALUES (10,'Bence György','társadalomtudományok');
INSERT INTO tudos VALUES (11,'Bencze Gyula','természettudományok');
INSERT INTO tudos VALUES (12,'Berend T. Iván','társadalomtudományok');
INSERT INTO tudos VALUES (13,'Besznyák István','orvostudományok');
INSERT INTO tudos VALUES (14,'Bihari Mihály','társadalomtudományok');
INSERT INTO tudos VALUES (15,'Bodó Balázs','természettudományok');
INSERT INTO tudos VALUES (17,'Bókay Antal','bölcsésztudományok');
INSERT INTO tudos VALUES (18,'Bor Zsolt','természettudományok');
INSERT INTO tudos VALUES (19,'Borhidi Attila','természettudományok');
INSERT INTO tudos VALUES (20,'Borsos Antal','orvostudományok');
INSERT INTO tudos VALUES (21,'Cerf, Vint','műszaki tudományok');
INSERT INTO tudos VALUES (22,'Czvikovszky Tibor','műszaki tudományok');
INSERT INTO tudos VALUES (23,'Csányi Vilmos','természettudományok');
INSERT INTO tudos VALUES (24,'Csépe Valéria','bölcsésztudományok');
INSERT INTO tudos VALUES (25,'Csermely Péter','természettudományok');
INSERT INTO tudos VALUES (26,'Csiba László','orvostudományok');
INSERT INTO tudos VALUES (27,'Damjanovich Sándor','orvostudományok');
INSERT INTO tudos VALUES (28,'Detrekői Ákos','természettudományok');
INSERT INTO tudos VALUES (29,'Dudits Dénes','természettudományok');
INSERT INTO tudos VALUES (30,'Erdei Anna','orvostudományok');
INSERT INTO tudos VALUES (31,'Erdő Péter','hittudomány');
INSERT INTO tudos VALUES (32,'Schweitzer József','hittudomány');
INSERT INTO tudos VALUES (33,'Esterházy Péter','bölcsésztudományok');
INSERT INTO tudos VALUES (34,'Faigel Gyula','természettudományok');
INSERT INTO tudos VALUES (35,'Falus András','természettudományok');
INSERT INTO tudos VALUES (36,'Faragó Sándor','természettudományok');
INSERT INTO tudos VALUES (37,'Ferge Zsuzsa','társadalomtudományok');
INSERT INTO tudos VALUES (38,'Fésüs László','orvostudományok');
INSERT INTO tudos VALUES (39,'Fodor Zoltán','természettudományok');
INSERT INTO tudos VALUES (40,'Forray R. Katalin','társadalomtudományok');
INSERT INTO tudos VALUES (41,'Freund Tamás','természettudományok');
INSERT INTO tudos VALUES (42,'Furka Árpád','orvostudományok');
INSERT INTO tudos VALUES (43,'Gáncs Péter','hittudomány');
INSERT INTO tudos VALUES (44,'Szabó István','hittudomány');
INSERT INTO tudos VALUES (45,'Gángó Gábor','bölcsésztudományok');
INSERT INTO tudos VALUES (46,'Görömbei András','bölcsésztudományok');
INSERT INTO tudos VALUES (47,'Gráf László','természettudományok');
INSERT INTO tudos VALUES (48,'Gulyás Balázs','orvostudományok');
INSERT INTO tudos VALUES (49,'Gyarmati György','bölcsésztudományok');
INSERT INTO tudos VALUES (50,'Györfi László','természettudományok');
INSERT INTO tudos VALUES (51,'Gyulai József','természettudományok');
INSERT INTO tudos VALUES (52,'Hámori József','természettudományok');
INSERT INTO tudos VALUES (53,'Havass Miklós','műszaki tudományok');
INSERT INTO tudos VALUES (54,'Heller Ágnes','bölcsésztudományok');
INSERT INTO tudos VALUES (55,'Heszky László','természettudományok');
INSERT INTO tudos VALUES (56,'Horn Péter','agrártudományok');
INSERT INTO tudos VALUES (57,'Horváth Attila','orvostudományok');
INSERT INTO tudos VALUES (58,'Horváth Iván','bölcsésztudományok');
INSERT INTO tudos VALUES (59,'Horváth Zalán','természettudományok');
INSERT INTO tudos VALUES (60,'Hunyady György','bölcsésztudományok');
INSERT INTO tudos VALUES (61,'Iván László','orvostudományok');
INSERT INTO tudos VALUES (62,'Jaksity György','társadalomtudományok');
INSERT INTO tudos VALUES (63,'Janka Zoltán','orvostudományok');
INSERT INTO tudos VALUES (64,'Járay Jenő','orvostudományok');
INSERT INTO tudos VALUES (65,'Jéki László','természettudományok');
INSERT INTO tudos VALUES (66,'Jermendy György','orvostudományok');
INSERT INTO tudos VALUES (67,'Kállai Gábor','társadalomtudományok');
INSERT INTO tudos VALUES (68,'Kálmán Erika','természettudományok');
INSERT INTO tudos VALUES (69,'Kampis György','természettudományok');
INSERT INTO tudos VALUES (70,'Karádi István','orvostudományok');
INSERT INTO tudos VALUES (71,'Katona Gyula','természettudományok');
INSERT INTO tudos VALUES (72,'Király Béla','bölcsésztudományok');
INSERT INTO tudos VALUES (73,'Klaniczay Gábor','bölcsésztudományok');
INSERT INTO tudos VALUES (74,'Klement Zoltán','természettudományok');
INSERT INTO tudos VALUES (75,'Kolláth Zoltán','természettudományok');
INSERT INTO tudos VALUES (76,'Kolosi Tamás','társadalomtudományok');
INSERT INTO tudos VALUES (77,'Kondor Imre','társadalomtudományok');
INSERT INTO tudos VALUES (78,'Kornai János','társadalomtudományok');
INSERT INTO tudos VALUES (79,'Kósa Éva','bölcsésztudományok');
INSERT INTO tudos VALUES (80,'Kosztolányi György','orvostudományok');
INSERT INTO tudos VALUES (81,'Kovács Ferenc','műszaki tudományok');
INSERT INTO tudos VALUES (82,'Kovács Ilona','bölcsésztudományok');
INSERT INTO tudos VALUES (83,'Kroó Norbert','természettudományok');
INSERT INTO tudos VALUES (85,'Kun Miklós','bölcsésztudományok');
INSERT INTO tudos VALUES (86,'Laczkovich Miklós','természettudományok');
INSERT INTO tudos VALUES (87,'Lámfalussy Sándor','társadalomtudományok');
INSERT INTO tudos VALUES (88,'Láng István','természettudományok');
INSERT INTO tudos VALUES (89,'Lovász László','természettudományok');
INSERT INTO tudos VALUES (90,'Lukacs, John','bölcsésztudományok');
INSERT INTO tudos VALUES (91,'Makovecz Imre','műszaki tudományok');
INSERT INTO tudos VALUES (92,'Máray Tamás','műszaki tudományok');
INSERT INTO tudos VALUES (93,'Marosi Ernő','bölcsésztudományok');
INSERT INTO tudos VALUES (94,'Maróth Miklós','bölcsésztudományok');
INSERT INTO tudos VALUES (95,'Meskó Attila','természettudományok');
INSERT INTO tudos VALUES (97,'Mézes Lili','természettudományok');
INSERT INTO tudos VALUES (98,'Mészáros Ernő','természettudományok');
INSERT INTO tudos VALUES (99,'Mihály György','természettudományok');
INSERT INTO tudos VALUES (100,'Nádasdy Ádám','bölcsésztudományok');
INSERT INTO tudos VALUES (101,'Nagy Károly','természettudományok');
INSERT INTO tudos VALUES (102,'Nékám Kristóf','orvostudományok');
INSERT INTO tudos VALUES (103,'Nyíri Kristóf','bölcsésztudományok');
INSERT INTO tudos VALUES (104,'Ormos Mária','bölcsésztudományok');
INSERT INTO tudos VALUES (105,'Ormos Pál','természettudományok');
INSERT INTO tudos VALUES (106,'Palánkai Tibor','társadalomtudományok');
INSERT INTO tudos VALUES (107,'Palkovics László','műszaki tudományok');
INSERT INTO tudos VALUES (108,'Palló Gábor','természettudományok');
INSERT INTO tudos VALUES (109,'Pap László','műszaki tudományok');
INSERT INTO tudos VALUES (110,'Papp Zoltán','orvostudományok');
INSERT INTO tudos VALUES (111,'Patkós András','természettudományok');
INSERT INTO tudos VALUES (112,'Petrovay Kristóf','természettudományok');
INSERT INTO tudos VALUES (113,'Pléh Csaba','bölcsésztudományok');
INSERT INTO tudos VALUES (114,'Pongor Sándor','természettudományok');
INSERT INTO tudos VALUES (115,'Pucsok József','orvostudományok');
INSERT INTO tudos VALUES (116,'Radnóti Sándor','bölcsésztudományok');
INSERT INTO tudos VALUES (117,'Rajnavölgyi Éva','orvostudományok');
INSERT INTO tudos VALUES (118,'Raskó István','természettudományok');
INSERT INTO tudos VALUES (119,'Rechnitzer János','társadalomtudományok');
INSERT INTO tudos VALUES (120,'Rényi András','bölcsésztudományok');
INSERT INTO tudos VALUES (121,'Romsics Ignác','bölcsésztudományok');
INSERT INTO tudos VALUES (122,'Róna-Tas András','bölcsésztudományok');
INSERT INTO tudos VALUES (123,'Rónyai Lajos','természettudományok');
INSERT INTO tudos VALUES (124,'Roska Tamás','műszaki tudományok');
INSERT INTO tudos VALUES (125,'Sajó András','társadalomtudományok');
INSERT INTO tudos VALUES (126,'Schaff Zsuzsa','orvostudományok');
INSERT INTO tudos VALUES (127,'Sohár Pál','természettudományok');
INSERT INTO tudos VALUES (128,'Sólyom Jenő','természettudományok');
INSERT INTO tudos VALUES (129,'Sólyom László','társadalomtudományok');
INSERT INTO tudos VALUES (130,'Somfai László','művészetek');
INSERT INTO tudos VALUES (131,'Somlyódy László','természettudományok');
INSERT INTO tudos VALUES (132,'Sótonyi Péter Tamás','agrártudományok');
INSERT INTO tudos VALUES (133,'Spiró György','bölcsésztudományok');
INSERT INTO tudos VALUES (134,'Szabad János','természettudományok');
INSERT INTO tudos VALUES (135,'Szabó Csaba','orvostudományok');
INSERT INTO tudos VALUES (136,'Szabó Gábor','természettudományok');
INSERT INTO tudos VALUES (138,'Szabó Miklós','társadalomtudományok');
INSERT INTO tudos VALUES (139,'Szabó Miklós','bölcsésztudományok');
INSERT INTO tudos VALUES (140,'Szántay Csaba','természettudományok');
INSERT INTO tudos VALUES (141,'Száz János','társadalomtudományok');
INSERT INTO tudos VALUES (142,'Szegedy-Maszák Mihály','bölcsésztudományok');
INSERT INTO tudos VALUES (143,'Szegő Károly','természettudományok');
INSERT INTO tudos VALUES (144,'Szilágyi N. Sándor','bölcsésztudományok');
INSERT INTO tudos VALUES (145,'Tamás Gábor','orvostudományok');
INSERT INTO tudos VALUES (146,'Tombor Antal','műszaki tudományok');
INSERT INTO tudos VALUES (147,'Tompa Anna','orvostudományok');
INSERT INTO tudos VALUES (148,'Tóth József','társadalomtudományok');
INSERT INTO tudos VALUES (149,'Tringer László','bölcsésztudományok');
INSERT INTO tudos VALUES (150,'Tulassay Tivadar','orvostudományok');
INSERT INTO tudos VALUES (151,'Varga János','agrártudományok');
INSERT INTO tudos VALUES (152,'Varga Zoltán','természettudományok');
INSERT INTO tudos VALUES (153,'Vásáry Tamás','művészetek');
INSERT INTO tudos VALUES (154,'Vékás Lajos','társadalomtudományok');
INSERT INTO tudos VALUES (155,'Venetianer Pál','természettudományok');
INSERT INTO tudos VALUES (156,'Vicsek Tamás','természettudományok');
INSERT INTO tudos VALUES (157,'Vidor Ferenc','műszaki tudományok');
INSERT INTO tudos VALUES (158,'Vígh László','természettudományok');
INSERT INTO tudos VALUES (159,'Vissy Károly','természettudományok');
INSERT INTO tudos VALUES (160,'Vizi E. Szilveszter','orvostudományok');
INSERT INTO tudos VALUES (162,'Vonderviszt Ferenc','természettudományok');
INSERT INTO tudos VALUES (163,'Werner, Wendelin','természettudományok');
INSERT INTO tudos VALUES (164,'Závodszky Péter','természettudományok');
INSERT INTO tudos VALUES (165,'Zoletnik Sándor','természettudományok');
INSERT INTO tudos VALUES (166,'Zrínyi Miklós','műszaki tudományok');
DROP TABLE IF EXISTS kapcsolo;
CREATE TABLE IF NOT EXISTS kapcsolo (
	tudosid   INTEGER,
	eloadasid INTEGER,
	PRIMARY KEY(tudosid,eloadasid)
);
INSERT INTO kapcsolo VALUES (1,1);
INSERT INTO kapcsolo VALUES (2,2);
INSERT INTO kapcsolo VALUES (3,3);
INSERT INTO kapcsolo VALUES (4,4);
INSERT INTO kapcsolo VALUES (5,5);
INSERT INTO kapcsolo VALUES (6,6);
INSERT INTO kapcsolo VALUES (7,7);
INSERT INTO kapcsolo VALUES (8,8);
INSERT INTO kapcsolo VALUES (9,9);
INSERT INTO kapcsolo VALUES (10,10);
INSERT INTO kapcsolo VALUES (11,11);
INSERT INTO kapcsolo VALUES (12,12);
INSERT INTO kapcsolo VALUES (13,13);
INSERT INTO kapcsolo VALUES (14,14);
INSERT INTO kapcsolo VALUES (15,15);
INSERT INTO kapcsolo VALUES (17,16);
INSERT INTO kapcsolo VALUES (18,17);
INSERT INTO kapcsolo VALUES (19,18);
INSERT INTO kapcsolo VALUES (20,19);
INSERT INTO kapcsolo VALUES (21,20);
INSERT INTO kapcsolo VALUES (22,21);
INSERT INTO kapcsolo VALUES (23,22);
INSERT INTO kapcsolo VALUES (24,23);
INSERT INTO kapcsolo VALUES (25,25);
INSERT INTO kapcsolo VALUES (26,26);
INSERT INTO kapcsolo VALUES (27,27);
INSERT INTO kapcsolo VALUES (28,28);
INSERT INTO kapcsolo VALUES (29,29);
INSERT INTO kapcsolo VALUES (30,30);
INSERT INTO kapcsolo VALUES (31,31);
INSERT INTO kapcsolo VALUES (32,31);
INSERT INTO kapcsolo VALUES (33,33);
INSERT INTO kapcsolo VALUES (34,34);
INSERT INTO kapcsolo VALUES (35,35);
INSERT INTO kapcsolo VALUES (36,36);
INSERT INTO kapcsolo VALUES (37,37);
INSERT INTO kapcsolo VALUES (38,38);
INSERT INTO kapcsolo VALUES (39,39);
INSERT INTO kapcsolo VALUES (40,40);
INSERT INTO kapcsolo VALUES (41,41);
INSERT INTO kapcsolo VALUES (42,42);
INSERT INTO kapcsolo VALUES (43,43);
INSERT INTO kapcsolo VALUES (44,43);
INSERT INTO kapcsolo VALUES (45,45);
INSERT INTO kapcsolo VALUES (46,46);
INSERT INTO kapcsolo VALUES (47,47);
INSERT INTO kapcsolo VALUES (48,48);
INSERT INTO kapcsolo VALUES (49,49);
INSERT INTO kapcsolo VALUES (50,50);
INSERT INTO kapcsolo VALUES (51,51);
INSERT INTO kapcsolo VALUES (52,52);
INSERT INTO kapcsolo VALUES (53,53);
INSERT INTO kapcsolo VALUES (54,54);
INSERT INTO kapcsolo VALUES (55,55);
INSERT INTO kapcsolo VALUES (56,56);
INSERT INTO kapcsolo VALUES (57,57);
INSERT INTO kapcsolo VALUES (58,58);
INSERT INTO kapcsolo VALUES (59,59);
INSERT INTO kapcsolo VALUES (60,60);
INSERT INTO kapcsolo VALUES (61,61);
INSERT INTO kapcsolo VALUES (62,62);
INSERT INTO kapcsolo VALUES (63,63);
INSERT INTO kapcsolo VALUES (64,64);
INSERT INTO kapcsolo VALUES (65,65);
INSERT INTO kapcsolo VALUES (66,66);
INSERT INTO kapcsolo VALUES (67,67);
INSERT INTO kapcsolo VALUES (68,68);
INSERT INTO kapcsolo VALUES (69,69);
INSERT INTO kapcsolo VALUES (70,70);
INSERT INTO kapcsolo VALUES (71,71);
INSERT INTO kapcsolo VALUES (72,72);
INSERT INTO kapcsolo VALUES (73,73);
INSERT INTO kapcsolo VALUES (74,74);
INSERT INTO kapcsolo VALUES (75,75);
INSERT INTO kapcsolo VALUES (76,76);
INSERT INTO kapcsolo VALUES (77,77);
INSERT INTO kapcsolo VALUES (78,78);
INSERT INTO kapcsolo VALUES (79,79);
INSERT INTO kapcsolo VALUES (80,80);
INSERT INTO kapcsolo VALUES (81,81);
INSERT INTO kapcsolo VALUES (82,82);
INSERT INTO kapcsolo VALUES (83,83);
INSERT INTO kapcsolo VALUES (83,84);
INSERT INTO kapcsolo VALUES (85,85);
INSERT INTO kapcsolo VALUES (86,86);
INSERT INTO kapcsolo VALUES (87,87);
INSERT INTO kapcsolo VALUES (88,88);
INSERT INTO kapcsolo VALUES (89,89);
INSERT INTO kapcsolo VALUES (90,90);
INSERT INTO kapcsolo VALUES (91,91);
INSERT INTO kapcsolo VALUES (92,92);
INSERT INTO kapcsolo VALUES (93,93);
INSERT INTO kapcsolo VALUES (94,94);
INSERT INTO kapcsolo VALUES (95,95);
INSERT INTO kapcsolo VALUES (95,96);
INSERT INTO kapcsolo VALUES (97,96);
INSERT INTO kapcsolo VALUES (98,98);
INSERT INTO kapcsolo VALUES (99,101);
INSERT INTO kapcsolo VALUES (100,102);
INSERT INTO kapcsolo VALUES (101,103);
INSERT INTO kapcsolo VALUES (102,104);
INSERT INTO kapcsolo VALUES (103,105);
INSERT INTO kapcsolo VALUES (104,106);
INSERT INTO kapcsolo VALUES (105,107);
INSERT INTO kapcsolo VALUES (106,108);
INSERT INTO kapcsolo VALUES (107,109);
INSERT INTO kapcsolo VALUES (108,110);
INSERT INTO kapcsolo VALUES (109,111);
INSERT INTO kapcsolo VALUES (110,112);
INSERT INTO kapcsolo VALUES (111,113);
INSERT INTO kapcsolo VALUES (112,114);
INSERT INTO kapcsolo VALUES (113,15);
INSERT INTO kapcsolo VALUES (113,115);
INSERT INTO kapcsolo VALUES (114,118);
INSERT INTO kapcsolo VALUES (115,119);
INSERT INTO kapcsolo VALUES (116,120);
INSERT INTO kapcsolo VALUES (117,121);
INSERT INTO kapcsolo VALUES (118,122);
INSERT INTO kapcsolo VALUES (119,123);
INSERT INTO kapcsolo VALUES (120,124);
INSERT INTO kapcsolo VALUES (121,125);
INSERT INTO kapcsolo VALUES (122,126);
INSERT INTO kapcsolo VALUES (123,127);
INSERT INTO kapcsolo VALUES (124,128);
INSERT INTO kapcsolo VALUES (125,129);
INSERT INTO kapcsolo VALUES (126,130);
INSERT INTO kapcsolo VALUES (127,133);
INSERT INTO kapcsolo VALUES (128,134);
INSERT INTO kapcsolo VALUES (129,135);
INSERT INTO kapcsolo VALUES (130,136);
INSERT INTO kapcsolo VALUES (131,137);
INSERT INTO kapcsolo VALUES (132,138);
INSERT INTO kapcsolo VALUES (133,139);
INSERT INTO kapcsolo VALUES (134,140);
INSERT INTO kapcsolo VALUES (135,141);
INSERT INTO kapcsolo VALUES (136,142);
INSERT INTO kapcsolo VALUES (136,143);
INSERT INTO kapcsolo VALUES (138,146);
INSERT INTO kapcsolo VALUES (139,147);
INSERT INTO kapcsolo VALUES (140,148);
INSERT INTO kapcsolo VALUES (141,149);
INSERT INTO kapcsolo VALUES (142,150);
INSERT INTO kapcsolo VALUES (143,151);
INSERT INTO kapcsolo VALUES (144,152);
INSERT INTO kapcsolo VALUES (145,153);
INSERT INTO kapcsolo VALUES (146,154);
INSERT INTO kapcsolo VALUES (147,155);
INSERT INTO kapcsolo VALUES (148,156);
INSERT INTO kapcsolo VALUES (149,157);
INSERT INTO kapcsolo VALUES (150,158);
INSERT INTO kapcsolo VALUES (151,159);
INSERT INTO kapcsolo VALUES (152,160);
INSERT INTO kapcsolo VALUES (153,161);
INSERT INTO kapcsolo VALUES (154,162);
INSERT INTO kapcsolo VALUES (155,163);
INSERT INTO kapcsolo VALUES (156,164);
INSERT INTO kapcsolo VALUES (157,165);
INSERT INTO kapcsolo VALUES (158,166);
INSERT INTO kapcsolo VALUES (159,167);
INSERT INTO kapcsolo VALUES (160,168);
INSERT INTO kapcsolo VALUES (160,169);
INSERT INTO kapcsolo VALUES (162,170);
INSERT INTO kapcsolo VALUES (163,171);
INSERT INTO kapcsolo VALUES (164,173);
INSERT INTO kapcsolo VALUES (165,174);
INSERT INTO kapcsolo VALUES (166,175);
DROP TABLE IF EXISTS eloadas;
CREATE TABLE IF NOT EXISTS eloadas (
	id  INTEGER,
	cim TEXT,
	ido TEXT,
	PRIMARY KEY(id)
);
INSERT INTO eloadas VALUES (1,'Mindennapi kenyerünk, mindennapi kalóriánk','2004-04-26');
INSERT INTO eloadas VALUES (2,'Híd – mérnöki szerkezet vagy szobor?','2004-05-19');
INSERT INTO eloadas VALUES (3,'Élet az Univerzumban: szabály vagy kivétel?','2002-11-04');
INSERT INTO eloadas VALUES (4,'Tárgyi kultúra és hagyomány','2002-12-23');
INSERT INTO eloadas VALUES (5,'Genetikailag módosított szervezetek – tények, remények, fikció?','2006-04-03');
INSERT INTO eloadas VALUES (6,'Van-e az irodalomnak neme?','2004-04-19');
INSERT INTO eloadas VALUES (7,'Behálózva – A hálózatok csodálatos világa a sejtektől a világhálóig','2005-10-10');
INSERT INTO eloadas VALUES (8,'Az éghajlat változása – bizonyosságok és bizonytalanságok','2004-09-13');
INSERT INTO eloadas VALUES (9,'Mit várhatunk egy modern államtól – és ez mibe kerül nekünk?','2006-09-18');
INSERT INTO eloadas VALUES (10,'A politikum sajátossága','2005-05-30');
INSERT INTO eloadas VALUES (11,'Kell-e félnünk a nukleáris energiától?','2003-01-27');
INSERT INTO eloadas VALUES (12,'A globalizáció és hatása a centrum-periféria kapcsolatokra Európában','2004-09-06');
INSERT INTO eloadas VALUES (13,'Az emlődaganatok diagnózisa és kezelése','2004-05-17');
INSERT INTO eloadas VALUES (14,'Alkotmányos rendszerváltás','2005-04-25');
INSERT INTO eloadas VALUES (15,'Hatalmas hálózatok – internetes közösségek, társas hálózatok','2007-05-21');
INSERT INTO eloadas VALUES (16,'Énszerkezet, önteremtés – József Attila üzenete','2005-04-11');
INSERT INTO eloadas VALUES (17,'A mindentudó fénysugár: a lézer','2003-02-10');
INSERT INTO eloadas VALUES (18,'A növények társadalma','2002-12-02');
INSERT INTO eloadas VALUES (19,'A nemek kialakulásának zavarai az emberben','2004-04-05');
INSERT INTO eloadas VALUES (20,'Az internet szabadsága','2007-04-02');
INSERT INTO eloadas VALUES (21,'Lehet-e „zöld” a műanyag?','2005-10-03');
INSERT INTO eloadas VALUES (22,'Az emberi természet biológiai gyökerei','2003-12-08');
INSERT INTO eloadas VALUES (23,'Miért csak az ember olvas?','2007-04-23');
INSERT INTO eloadas VALUES (25,'Hálózatok sejtjeinkben és körülöttünk','2005-09-12');
INSERT INTO eloadas VALUES (26,'Van esélyünk az agyvérzéssel szemben?','2007-03-05');
INSERT INTO eloadas VALUES (27,'Lehet-e a molekulákra csomót kötni? – A biofizika eszköztárának szerepe a jövő orvostudományában','2004-09-27');
INSERT INTO eloadas VALUES (28,'A gömbtől a geoidig – A Föld és az űrkutatás','2004-06-14');
INSERT INTO eloadas VALUES (29,'A növények szexuális életének molekuláris titkai','2004-03-17');
INSERT INTO eloadas VALUES (30,'Hogyan véd és mikor árt immunrendszerünk?','2003-04-28');
INSERT INTO eloadas VALUES (31,'Húsvét: a Feltámadás ünnepe','2003-04-14');
INSERT INTO eloadas VALUES (33,'A szavak csodálatos életéből','2003-09-08');
INSERT INTO eloadas VALUES (34,'Mire jó a röntgenvonalzó? – Az atomi szerkezet meghatározása röntgensugárzással','2005-02-07');
INSERT INTO eloadas VALUES (35,'Génjeink: sors vagy valószínűség? – „Az őssejtig vagyok minden ős”','2003-06-10');
INSERT INTO eloadas VALUES (36,'Miért vadászunk?','2006-11-20');
INSERT INTO eloadas VALUES (37,'A társadalom, amelyben élünk','2002-12-09');
INSERT INTO eloadas VALUES (38,'A természetes sejthalál titkai','2003-10-06');
INSERT INTO eloadas VALUES (39,'A világ keletkezése és az elemi részek fizikája','2005-03-21');
INSERT INTO eloadas VALUES (40,'Együtt vagy külön? Cigányok, romák, magyarok és az iskola','2005-11-21');
INSERT INTO eloadas VALUES (41,'Hullámtörés – a marihuána hatása az agyhullámokra és a memóriára','2004-11-22');
INSERT INTO eloadas VALUES (42,'Forradalom a gyógyszerkutatásban','2003-05-26');
INSERT INTO eloadas VALUES (43,'A karácsonyi evangélium háromféle „kameraállásból”','2003-12-22');
INSERT INTO eloadas VALUES (45,'Mi a nemzet? – A népek életéről és haláláról','2003-03-17');
INSERT INTO eloadas VALUES (46,'A magyar népi irodalom','2005-02-24');
INSERT INTO eloadas VALUES (47,'Fehérjeszobrászat – Az alkotás öröme és haszna','2005-11-28');
INSERT INTO eloadas VALUES (48,'Tudatboncolás PET-tel','2006-11-13');
INSERT INTO eloadas VALUES (49,'Kényszerpályás rendszerváltások Magyarországon, 1945–1949','2005-10-17');
INSERT INTO eloadas VALUES (50,'Az információtechnológia természettörvényei, avagy meddig véletlen a véletlen','2004-12-06');
INSERT INTO eloadas VALUES (51,'Az emberiség útja a nanovilág felé','2003-11-03');
INSERT INTO eloadas VALUES (52,'Mit tud az emberi agy?','2002-10-28');
INSERT INTO eloadas VALUES (53,'A számítógéptől az információs társadalomig','2003-11-24');
INSERT INTO eloadas VALUES (54,'Mi a modernitás?','2004-02-02');
INSERT INTO eloadas VALUES (55,'Transzgénikus növények – az emberiség diadala vagy félelme?','2006-10-30');
INSERT INTO eloadas VALUES (56,'Agrárgazdaság – EU-kitekintéssel','2003-02-24');
INSERT INTO eloadas VALUES (57,'Lopakodó járvány – A nemi érintkezéssel terjedő fertőző betegségek','2005-05-09');
INSERT INTO eloadas VALUES (58,'Balassi Bálint és a számítógépes irodalomkutatás','2004-05-10');
INSERT INTO eloadas VALUES (59,'Mikrokozmosz – világunk építőköveinek kutatása','2003-10-20');
INSERT INTO eloadas VALUES (60,'A nemzetek jelleme és a nemzeti sztereotípiák','2004-03-22');
INSERT INTO eloadas VALUES (61,'Öregedés: Örök Ifjúság?','2004-05-03');
INSERT INTO eloadas VALUES (62,'A pénz nyugtalan természete','2003-09-29');
INSERT INTO eloadas VALUES (63,'Agybaj-biológia – a kedélyvesztéstől a tébolyig','2006-12-04');
INSERT INTO eloadas VALUES (64,'Az orvostudomány csodája: a szervátültetés','2007-04-16');
INSERT INTO eloadas VALUES (65,'Sugárözönben élünk','2002-11-18');
INSERT INTO eloadas VALUES (66,'Miért baj a cukorbaj?','2006-05-22');
INSERT INTO eloadas VALUES (67,'Hol végződik a sakktábla?','2007-03-12');
INSERT INTO eloadas VALUES (68,'A delhi vasoszloptól a molekuláris építészetig – Új perspektívák a kémiában','2004-11-15');
INSERT INTO eloadas VALUES (69,'Újra győz az evolúcióelmélet?','2006-05-08');
INSERT INTO eloadas VALUES (70,'Infarktus és koleszterin','2005-05-02');
INSERT INTO eloadas VALUES (71,'Hogyan lett „magyar matematika” a kombinatorika?','2006-05-15');
INSERT INTO eloadas VALUES (72,'1956 – a szabadságharc katonapolitikája','2004-10-25');
INSERT INTO eloadas VALUES (73,'Boszorkányok, bűnbakok: hogyan működik a vádaskodás logikája?','2006-04-10');
INSERT INTO eloadas VALUES (74,'Önvédelem a növényvilágban','2003-03-31');
INSERT INTO eloadas VALUES (75,'A csillagbelső hangjai – a modern szférák zenéje','2005-01-31');
INSERT INTO eloadas VALUES (76,'A társadalmi mobilitás forrásai','2007-02-19');
INSERT INTO eloadas VALUES (77,'Bank és kockázat','2004-05-24');
INSERT INTO eloadas VALUES (78,'Közép-Kelet-Európa nagy átalakulása – Sikerek és csalódások','2005-12-05');
INSERT INTO eloadas VALUES (79,'A média szerepe a gyerekek fejlődésében','2004-11-08');
INSERT INTO eloadas VALUES (80,'Mit ígér és mit tud már ma is a genetika?','2006-03-27');
INSERT INTO eloadas VALUES (81,'Meddig és mit bányásszunk?','2003-09-24');
INSERT INTO eloadas VALUES (82,'Mennyi ész kell a látáshoz?','2006-10-09');
INSERT INTO eloadas VALUES (83,'Hol vannak a fizikai tudás határai?','2002-10-21');
INSERT INTO eloadas VALUES (84,'A fény fizikája','2005-06-06');
INSERT INTO eloadas VALUES (85,'Kelet-Európa az 1950-es években: reformok és visszarendeződés','2006-10-16');
INSERT INTO eloadas VALUES (86,'Mi a matematika? – A matematikai igazságról','2006-11-06');
INSERT INTO eloadas VALUES (87,'Az euró – Politikai kezdeményezés vagy gazdasági szükségszerűség?','2004-03-29');
INSERT INTO eloadas VALUES (88,'Környezetvédelem – fenntartható fejlődés','2002-11-11');
INSERT INTO eloadas VALUES (89,'Mit kívánnak a számítógépek a matematikától, és mit adnak neki?','2003-06-30');
INSERT INTO eloadas VALUES (90,'Állam, nemzet, nép','2005-10-24');
INSERT INTO eloadas VALUES (91,'A szerves gondolkodásról, a szerves építészetről','2005-02-21');
INSERT INTO eloadas VALUES (92,'Hálózatok hálózata: az internet','2003-12-01');
INSERT INTO eloadas VALUES (93,'Művészettörténet – az emlékezés tudománya?','2002-10-14');
INSERT INTO eloadas VALUES (94,'Az arabok mint a görög tudományok örökösei','2004-12-13');
INSERT INTO eloadas VALUES (95,'A földi élet fenntarthatóságának kérdései','2004-09-20');
INSERT INTO eloadas VALUES (96,'Van-e jövőjük a megújuló energiaforrásoknak – és van-e jövőnk nélkülük?','2007-03-19');
INSERT INTO eloadas VALUES (98,'A lakható bolygó','2003-05-19');
INSERT INTO eloadas VALUES (101,'Mire jó a kvantumfizika?','2003-05-21');
INSERT INTO eloadas VALUES (102,'Miért változik a nyelv?','2003-11-17');
INSERT INTO eloadas VALUES (103,'Einstein hatása a 20. század fizikájára','2005-09-19');
INSERT INTO eloadas VALUES (104,'Meddig leszünk még allergiásak?','2006-04-10');
INSERT INTO eloadas VALUES (105,'Enciklopédikus tudás a 21. században','2003-12-15');
INSERT INTO eloadas VALUES (106,'Van-e történelem?','2003-03-10');
INSERT INTO eloadas VALUES (107,'A fény a biológiában','2003-03-24');
INSERT INTO eloadas VALUES (108,'Európai integráció','2003-03-03');
INSERT INTO eloadas VALUES (109,'Intelligens járművek','2005-02-28');
INSERT INTO eloadas VALUES (110,'A magyar tudós-zsenik','2003-09-15');
INSERT INTO eloadas VALUES (111,'A technika új csodája: a globális helymeghatározás','2003-06-23');
INSERT INTO eloadas VALUES (112,'Élet a megszületés előtt: a magzat mint páciens','2003-04-07');
INSERT INTO eloadas VALUES (113,'A Mindenség mérése','2003-10-27');
INSERT INTO eloadas VALUES (114,'A Nap kapujában','2006-09-25');
INSERT INTO eloadas VALUES (115,'Nyelvében gondolkodik-e az ember?','2002-09-23');
INSERT INTO eloadas VALUES (118,'Az adathalmoktól a rendezett információs hálózatokig – Bioinformatika és rendszerbiológia','2005-11-07');
INSERT INTO eloadas VALUES (119,'Teljesítményfokozás, dopping és sport','2004-10-04');
INSERT INTO eloadas VALUES (120,'Jó ízlés, rossz ízlés','2003-04-22');
INSERT INTO eloadas VALUES (121,'Hogyan védenek az immunrendszer őrszemei?','2007-05-07');
INSERT INTO eloadas VALUES (122,'Genetikai időutazás – Az emberi populációk eredetének nyomában','2004-03-08');
INSERT INTO eloadas VALUES (123,'Miért élnek jobban az emberek a Dunántúlon, mint az Alföldön? – Regionális különbségek és kezelési technikák','2005-11-23');
INSERT INTO eloadas VALUES (124,'Eredeti vagy hamis? – A műértés tudományos alapjairól','2006-02-20');
INSERT INTO eloadas VALUES (125,'A történetíró dilemmája: megismerjük vagy csináljuk-e a történelmet?','2002-10-07');
INSERT INTO eloadas VALUES (126,'Nép és nyelv – A magyarság kialakulása','2004-03-01');
INSERT INTO eloadas VALUES (127,'Elliptikus görbék – a geometriától a titkos kommunikációig','2005-12-12');
INSERT INTO eloadas VALUES (128,'Info-bionika és érzékelő számítógépek','2004-06-07');
INSERT INTO eloadas VALUES (129,'Miért büntetünk? – Értelem, érzelem és ésszerűtlenség a társadalom szabályozásában','2003-10-13');
INSERT INTO eloadas VALUES (130,'A vírusok és a rák','2005-11-07');
INSERT INTO eloadas VALUES (133,'Kulcs a molekulaszerkezethez: mágneses magrezonancia- (NMR-) spektroszkópia','2007-05-14');
INSERT INTO eloadas VALUES (134,'Az alacsony hőmérsékletek titkai','2003-06-02');
INSERT INTO eloadas VALUES (135,'Az alkotmány őrei','2005-05-23');
INSERT INTO eloadas VALUES (136,'Egy mestermű rejtett üzenete','2006-12-11');
INSERT INTO eloadas VALUES (137,'Az értől az óceánig – A víz: a jövő kihívása','2003-02-03');
INSERT INTO eloadas VALUES (138,'Az állatok mozgásának elemzése – A csirke kikelésétől a Spanyol Lovasiskoláig','2005-04-04');
INSERT INTO eloadas VALUES (139,'Hogyan győznek a provinciák? – A Fogság c. regény történelmi hátteréről','2006-03-20');
INSERT INTO eloadas VALUES (140,'Anyai öröklődés, anyai hatás','2003-11-10');
INSERT INTO eloadas VALUES (141,'Kamikázemolekulák – A szabad gyökök befolyásolása a C-vitamintól a Viagráig','2005-09-26');
INSERT INTO eloadas VALUES (142,'Milyen messzire esett Newton almája? – A fizikai gondolkodásmód és a természettudományok','2005-01-24');
INSERT INTO eloadas VALUES (143,'Hogyan lehet egyszerre játékos és tudományos a fizika?','2006-03-13');
INSERT INTO eloadas VALUES (146,'Légiuralom-elmélet – légi fegyverkezés – a Magyar Királyi Légierő az 1930-as években','2006-10-02');
INSERT INTO eloadas VALUES (147,'Egy népvándorlás anatómiája – A történettudomány és a régészet szembesítése','2004-11-29');
INSERT INTO eloadas VALUES (148,'Gyógyszereink és a szimmetria','2004-10-18');
INSERT INTO eloadas VALUES (149,'Talált pénz – Opciók a mindennapokban és a pénzügyi piacokon','2005-02-14');
INSERT INTO eloadas VALUES (150,'Nemzeti irodalom és világirodalom a 21. században','2004-02-23');
INSERT INTO eloadas VALUES (151,'Környezetünk: a Naprendszer','2002-11-25');
INSERT INTO eloadas VALUES (152,'A jelentésvilág szerkezete','2004-11-18');
INSERT INTO eloadas VALUES (153,'Akciók és szankciók az agykéregben','2007-03-26');
INSERT INTO eloadas VALUES (154,'Mi van a konnektor mögött?','2006-03-06');
INSERT INTO eloadas VALUES (155,'Egészségtudat és tudatos egészség','2003-09-22');
INSERT INTO eloadas VALUES (156,'Kell nekünk régió?','2003-10-29');
INSERT INTO eloadas VALUES (157,'A depresszió: kor-kór?','2003-05-12');
INSERT INTO eloadas VALUES (158,'Megelőzhetők-e a civilizációs betegségek?','2003-06-16');
INSERT INTO eloadas VALUES (159,'Madárinfluenza: járvány vagy hisztéria?','2006-02-27');
INSERT INTO eloadas VALUES (160,'Populációk és gének vándorúton','2004-02-16');
INSERT INTO eloadas VALUES (161,'Liszt Ferenc – a médium és a média','2005-12-19');
INSERT INTO eloadas VALUES (162,'Mennyiben szuverén egy EU-tagállam jogalkotása? – Magánjogi kodifikáció az EU küszöbén','2003-02-17');
INSERT INTO eloadas VALUES (163,'Megismerhetők és megváltoztathatók-e a génjeink?','2002-09-30');
INSERT INTO eloadas VALUES (164,'Rend és rendezetlen','2002-12-16');
INSERT INTO eloadas VALUES (165,'A városok világa','2004-02-09');
INSERT INTO eloadas VALUES (166,'A membrán-tutajoktól a lipidterápiáig: mindennapi stresszeink és betegségeink új megközelítésben','2006-11-27');
INSERT INTO eloadas VALUES (167,'Az időjárás előrejelzése: jóslás vagy tudomány?','2003-05-05');
INSERT INTO eloadas VALUES (168,'Egy életem, egy halálom?','2002-09-16');
INSERT INTO eloadas VALUES (169,'Kábítószerek – a kreativitás mítosza és a rombolás valósága','2005-03-07');
INSERT INTO eloadas VALUES (170,'A négymilliárd éves nanotechnológia','2004-10-11');
INSERT INTO eloadas VALUES (171,'Véletlen rendszerek','2007-04-23');
INSERT INTO eloadas VALUES (173,'Fehérjék – a szerkezettől a funkcióig, a fizikától a biológiáig','2005-04-18');
INSERT INTO eloadas VALUES (174,'Magfúzió – energiaforrás a jövőnek','2007-02-26');
INSERT INTO eloadas VALUES (175,'A 21. század anyagai: az intelligens anyagok','2003-01-20');
COMMIT;
