-- phpMyAdmin SQL Dump
-- version 4.8.3
-- https://www.phpmyadmin.net/
--
-- Gép: 127.0.0.1:3306
-- Létrehozás ideje: 2019. Jan 10. 20:51
-- Kiszolgáló verziója: 5.7.23
-- PHP verzió: 7.2.10

SET SQL_MODE = "NO_AUTO_VALUE_ON_ZERO";
SET AUTOCOMMIT = 0;
START TRANSACTION;
SET time_zone = "+00:00";


/*!40101 SET @OLD_CHARACTER_SET_CLIENT=@@CHARACTER_SET_CLIENT */;
/*!40101 SET @OLD_CHARACTER_SET_RESULTS=@@CHARACTER_SET_RESULTS */;
/*!40101 SET @OLD_COLLATION_CONNECTION=@@COLLATION_CONNECTION */;
/*!40101 SET NAMES utf8mb4 */;

--
-- Adatbázis: `szoftverleltar`
--

-- --------------------------------------------------------

--
-- Tábla szerkezet ehhez a táblához `gep`
--

DROP TABLE IF EXISTS `gep`;
CREATE TABLE IF NOT EXISTS `gep` (
  `id` int(2) NOT NULL AUTO_INCREMENT,
  `hely` varchar(4) COLLATE utf8mb4_hungarian_ci NOT NULL,
  `tipus` varchar(8) COLLATE utf8mb4_hungarian_ci NOT NULL,
  `ipcim` varchar(12) COLLATE utf8mb4_hungarian_ci NOT NULL,
  PRIMARY KEY (`id`)
) ENGINE=InnoDB AUTO_INCREMENT=77 DEFAULT CHARSET=utf8mb4 COLLATE=utf8mb4_hungarian_ci;

--
-- A tábla adatainak kiíratása `gep`
--

INSERT INTO `gep` (`id`, `hely`, `tipus`, `ipcim`) VALUES
(1, 'T403', 'asztali', '192.168.2.1'),
(2, 'T212', 'asztali', '192.168.2.2'),
(3, 'T302', 'asztali', '192.168.2.3'),
(4, 'T108', 'notebook', '192.168.1.1'),
(5, 'T301', 'asztali', '192.168.2.4'),
(6, 'T306', 'asztali', '192.168.2.5'),
(7, 'T209', 'notebook', '192.168.4.1'),
(8, 'T208', 'notebook', '192.168.4.2'),
(9, 'T110', 'notebook', '192.168.1.2'),
(10, 'T310', 'asztali', '192.168.2.6'),
(11, 'T207', 'asztali', '192.168.2.7'),
(12, 'T109', 'notebook', '192.168.1.3'),
(13, 'T104', 'asztali', '192.168.2.8'),
(14, 'T208', 'notebook', '192.168.4.3'),
(15, 'T106', 'notebook', '192.168.1.4'),
(16, 'T201', 'asztali', '192.168.2.9'),
(17, 'T309', 'asztali', '192.168.2.10'),
(18, 'T402', 'asztali', '192.168.2.11'),
(19, 'T404', 'asztali', '192.168.2.12'),
(20, 'T110', 'notebook', '192.168.1.5'),
(21, 'T107', 'asztali', '192.168.2.13'),
(22, 'T205', 'notebook', '192.168.1.6'),
(23, 'T010', 'asztali', '192.168.2.14'),
(24, 'T009', 'asztali', '192.168.2.15'),
(25, 'T001', 'notebook', '192.168.1.7'),
(26, 'T401', 'notebook', '192.168.1.8'),
(27, 'T305', 'asztali', '192.168.3.1'),
(28, 'T102', 'notebook', '192.168.1.9'),
(29, 'T208', 'notebook', '192.168.4.4'),
(30, 'T408', 'asztali', '192.168.2.16'),
(31, 'T007', 'asztali', '192.168.3.2'),
(32, 'T011', 'notebook', '192.168.1.10'),
(33, 'T004', 'asztali', '192.168.2.17'),
(34, 'T202', 'asztali', '192.168.2.18'),
(35, 'T006', 'asztali', '192.168.3.3'),
(36, 'T407', 'asztali', '192.168.2.19'),
(37, 'T304', 'notebook', '192.168.1.11'),
(38, 'T203', 'notebook', '192.168.1.12'),
(39, 'T105', 'asztali', '192.168.2.20'),
(40, 'T103', 'asztali', '192.168.2.21'),
(41, 'T003', 'notebook', '192.168.1.13'),
(42, 'T311', 'asztali', '192.168.2.22'),
(43, 'T007', 'asztali', '192.168.3.4'),
(44, 'T008', 'asztali', '192.168.2.23'),
(45, 'T206', 'asztali', '192.168.2.24'),
(46, 'T307', 'asztali', '192.168.2.25'),
(47, 'T106', 'notebook', '192.168.1.14'),
(48, 'T312', 'asztali', '192.168.2.26'),
(49, 'T308', 'notebook', '192.168.1.15'),
(50, 'T211', 'notebook', '192.168.1.16'),
(51, 'T406', 'asztali', '192.168.2.27'),
(52, 'T002', 'asztali', '192.168.2.28'),
(53, 'T012', 'asztali', '192.168.2.29'),
(54, 'T110', 'notebook', '192.168.1.17'),
(55, 'T102', 'notebook', '192.168.1.18'),
(56, 'T108', 'notebook', '192.168.1.19'),
(57, 'T303', 'asztali', '192.168.2.30'),
(58, 'T005', 'notebook', '192.168.1.20'),
(59, 'T006', 'asztali', '192.168.3.5'),
(60, 'T203', 'notebook', '192.168.1.21'),
(61, 'T111', 'asztali', '192.168.2.31'),
(62, 'T208', 'notebook', '192.168.4.5'),
(63, 'T106', 'notebook', '192.168.1.22'),
(64, 'T409', 'notebook', '192.168.1.23'),
(65, 'T005', 'notebook', '192.168.1.24'),
(66, 'T101', 'asztali', '192.168.2.32'),
(67, 'T005', 'notebook', '192.168.1.25'),
(68, 'T405', 'asztali', '192.168.2.33'),
(69, 'T305', 'asztali', '192.168.3.6'),
(70, 'T204', 'asztali', '192.168.2.34'),
(71, 'T112', 'notebook', '192.168.1.26'),
(72, 'T305', 'asztali', '192.168.3.7'),
(73, 'T003', 'notebook', '192.168.1.27'),
(74, 'T305', 'asztali', '192.168.3.8'),
(75, 'T210', 'asztali', '192.168.2.35'),
(76, 'T208', 'notebook', '192.168.4.6');

-- --------------------------------------------------------

--
-- Tábla szerkezet ehhez a táblához `szoftver`
--

DROP TABLE IF EXISTS `szoftver`;
CREATE TABLE IF NOT EXISTS `szoftver` (
  `id` int(3) NOT NULL,
  `nev` varchar(33) COLLATE utf8mb4_hungarian_ci NOT NULL,
  `kategoria` varchar(26) COLLATE utf8mb4_hungarian_ci NOT NULL,
  PRIMARY KEY (`id`)
) ENGINE=InnoDB DEFAULT CHARSET=utf8mb4 COLLATE=utf8mb4_hungarian_ci;

--
-- A tábla adatainak kiíratása `szoftver`
--

INSERT INTO `szoftver` (`id`, `nev`, `kategoria`) VALUES
(1, 'AIR', 'plug-in'),
(2, 'FastStone Image Viewer', 'képkezelés'),
(5, 'InfraRecorder', 'DVD-írás'),
(7, 'PDF Split And Merge Basic', 'pdf-manipulálás'),
(9, 'CCleaner', 'gépkarbantartás'),
(11, 'Tracker', 'fizika oktatás'),
(12, 'Acrobat Reader', 'pdf-olvasás'),
(13, 'Multivox 4 Magyar szövegfelolvasó', 'szövegfelolvasó'),
(14, 'WinMerge', 'fájlösszehasonlítás'),
(15, 'Free Pascal', 'fejlesztő környezet'),
(17, 'Geany', 'editor'),
(18, 'Euler3D', 'matematika oktatás'),
(19, 'IrfanView', 'képkezelés'),
(20, 'Blender', 'modellezés'),
(21, 'Flash Player ActiveX', 'plug-in'),
(22, 'CDBurnerXP', 'DVD-írás'),
(23, 'Java SE Development Kit', 'fejlesztő környezet'),
(24, 'Flash Player PPAPI', 'plug-in'),
(25, 'SharePoint Designer 2007', 'webszerkesztés'),
(27, 'K-Lite Mega Codec Pack', 'médialejátszás'),
(28, 'Notepad++', 'editor'),
(29, 'PatchCleaner', 'gépkarbantartás'),
(30, 'Audacity', 'hangszerkesztés'),
(34, 'Java', 'plug-in'),
(35, 'Visual Studio 2013', 'fejlesztő környezet'),
(36, 'Greenshot', 'képernyőkép-készítés'),
(38, 'Lynx 4', 'interaktív tábla'),
(39, 'PuTTY', 'távoli terminál'),
(40, 'Google Föld', 'virtuális földgömb'),
(42, 'PDFCreator', 'pdf-generálás'),
(44, 'MuseScore', 'kottaírás'),
(45, 'Disk Drill', 'adathelyreállítás'),
(46, 'Flash Player NPAPI', 'plug-in'),
(48, 'Google Drive', 'online fájltárolás'),
(49, 'Google Earth', 'virtuális földgömb'),
(50, 'Filzip', 'tömörítés'),
(51, 'FreeCommander XE', 'fájlkezelés'),
(53, 'Reader', 'pdf-olvasás'),
(54, 'Wings 3D', 'modellezés'),
(55, 'Windows Live Essentials', 'alkalmazás gyűjtemény'),
(56, 'Imagine', 'fejlesztő környezet'),
(57, 'LibreOffice', 'irodai programcsomag'),
(58, 'Windows Live Messenger', 'azonnali üzenetküldés'),
(59, 'Scratch 2 Offline Editor', 'fejlesztő környezet'),
(60, 'Inkscape', 'vektorgarfikus szerkesztés'),
(61, 'Adafor', 'adminisztráció'),
(62, 'Skype', 'azonnali üzenetküldés'),
(63, 'Mozilla Firefox', 'böngészés'),
(64, 'Opera', 'böngészés'),
(65, 'Dev-C++', 'fejlesztő környezet'),
(66, 'NetBeans IDE', 'fejlesztő környezet'),
(67, 'Shockwave Player', 'plug-in'),
(68, 'Foxit Reader', 'pdf-olvasás'),
(69, 'Movie Maker', 'videószerkesztés'),
(70, 'Silverlight', 'plug-in'),
(71, 'KompoZer', 'webszerkesztés'),
(72, 'SMART Notebook Interactive Viewer', 'interaktív tábla'),
(73, 'Euklides', 'matematika oktatás'),
(74, 'paint.net', 'képszerkesztés'),
(75, 'WinSCP', 'távoli fájlhozzáférés'),
(76, 'SVG Viewer', 'plug-in'),
(78, 'VUE', 'gondolattérkép készítés'),
(79, 'mimio Studio', 'interaktív tábla'),
(80, 'Real Alternative', 'médialejátszás'),
(81, 'XnView', 'képkezelés'),
(82, 'Windows Live Movie Maker', 'videószerkesztés'),
(83, 'Picasa', 'képszerkesztés'),
(84, 'SMART Notebook', 'interaktív tábla'),
(85, 'Double Commander', 'fájlkezelés'),
(86, 'ImgBurn', 'DVD-írás'),
(87, 'Google Chrome', 'böngészés'),
(88, 'VLC media player', 'médialejátszás'),
(89, 'FileZilla Client', 'távoli fájlhozzáférés'),
(90, 'GeoGebra', 'matematika oktatás'),
(91, 'FFmpeg for Audacity', 'hangszerkesztés'),
(92, 'BS.Player FREE', 'médialejátszás'),
(94, 'Dia', 'diagramkészítés'),
(95, 'Visual Studio 2015', 'fejlesztő környezet'),
(96, 'Open-Sankoré', 'interaktív tábla'),
(97, 'GIMP', 'képszerkesztés'),
(99, 'Freeplane', 'gondolattérkép készítés'),
(101, 'Dropbox', 'online fájltárolás'),
(102, '7-Zip', 'tömörítés'),
(103, 'K-Lite Codec Pack', 'médialejátszás'),
(104, 'EclipseCrossword', 'keresztrejtvény készítés'),
(105, 'FreeMind', 'gondolattérkép készítés');

-- --------------------------------------------------------

--
-- Tábla szerkezet ehhez a táblához `telepites`
--

DROP TABLE IF EXISTS `telepites`;
CREATE TABLE IF NOT EXISTS `telepites` (
  `id` int(4) NOT NULL AUTO_INCREMENT,
  `gepid` int(2) NOT NULL,
  `szoftverid` int(3) NOT NULL,
  `verzio` varchar(17) COLLATE utf8mb4_hungarian_ci DEFAULT NULL,
  `datum` date DEFAULT NULL,
  PRIMARY KEY (`id`),
  KEY `gepid` (`gepid`),
  KEY `szoftverid` (`szoftverid`)
) ENGINE=InnoDB AUTO_INCREMENT=2345 DEFAULT CHARSET=utf8mb4 COLLATE=utf8mb4_hungarian_ci;

--
-- A tábla adatainak kiíratása `telepites`
--

INSERT INTO `telepites` (`id`, `gepid`, `szoftverid`, `verzio`, `datum`) VALUES
(1, 11, 102, 'ver16.04', '0000-00-00'),
(2, 29, 102, 'ver16.04.00.0', '2016-12-06'),
(3, 34, 5, 'ver0.53.00.00', '2013-08-30'),
(4, 76, 39, 'ver0.67', '2016-04-25'),
(5, 24, 19, 'ver4.42', '0000-00-00'),
(6, 1, 55, 'ver15.4.3502.0922', '2011-07-21'),
(7, 70, 87, 'ver55.0.2883.87', '2016-12-13'),
(8, 3, 34, 'ver6.0.450', '2016-12-07'),
(9, 49, 63, 'ver49.0.1', '0000-00-00'),
(10, 21, 83, 'ver3.9.141.259', '0000-00-00'),
(11, 31, 90, 'ver4.0.41.0', '2012-11-02'),
(12, 34, 74, 'ver4.0.12', '2016-11-05'),
(13, 2, 72, 'ver2.0.103.0', '2016-10-24'),
(14, 34, 90, 'ver5.0.286.0', '2016-11-05'),
(15, 13, 14, 'ver2.14.0', '2015-06-25'),
(16, 14, 17, 'ver1.22', '0000-00-00'),
(17, 76, 76, 'ver3.0', '0000-00-00'),
(18, 50, 34, 'ver6.0.450', '2016-08-26'),
(19, 16, 86, 'ver2.5.8.0', '2016-05-01'),
(20, 73, 102, 'ver16.02', '0000-00-00'),
(21, 66, 7, 'ver3.0.20.0', '2016-05-03'),
(22, 12, 29, 'ver1.4.20', '2016-05-03'),
(23, 74, 102, 'ver9.10', '0000-00-00'),
(24, 29, 70, 'ver5.1.41212.0', '2016-01-26'),
(25, 56, 81, 'ver2.39', '2016-11-23'),
(26, 20, 42, 'ver2.4.1', '2016-12-05'),
(27, 56, 48, 'ver1.32.4066.7445', '2016-12-15'),
(28, 47, 30, 'ver2.1.2', '2016-04-24'),
(29, 36, 63, 'ver50.0.2', '0000-00-00'),
(30, 22, 57, 'ver5.2.3.3', '2016-11-30'),
(31, 32, 30, 'ver2.1.2', '2016-11-03'),
(32, 71, 22, 'ver4.5.7.6282', '2016-08-19'),
(33, 10, 70, 'ver5.1.50901.0', '2016-10-12'),
(34, 23, 12, 'ver15.020.20042', '2016-11-07'),
(35, 66, 1, 'ver23.0.0.257', '2016-09-14'),
(36, 13, 9, 'ver5.24', '0000-00-00'),
(37, 14, 19, 'ver4.42', '0000-00-00'),
(38, 33, 88, 'ver2.2.4', '0000-00-00'),
(39, 12, 51, '', '2014-08-15'),
(40, 70, 19, 'ver4.42', '0000-00-00'),
(41, 22, 19, 'ver4.42', '0000-00-00'),
(42, 54, 85, 'ver0.7.0', '2016-03-25'),
(43, 40, 87, 'ver50.0.2661.75', '2016-04-19'),
(44, 13, 64, 'ver41.0.2353.69', '0000-00-00'),
(45, 41, 75, 'ver5.9.3', '2016-12-05'),
(46, 74, 62, 'ver7.30.105', '2016-11-23'),
(47, 63, 102, 'ver16.04', '0000-00-00'),
(48, 52, 89, 'ver3.22.2.2', '0000-00-00'),
(49, 21, 96, '', '2013-05-25'),
(50, 14, 30, 'ver2.1.2', '2016-03-30'),
(51, 43, 68, 'ver8.1.0.1013', '2016-11-12'),
(52, 11, 63, 'ver50.1.0', '0000-00-00'),
(53, 17, 38, 'ver4', '2011-11-16'),
(54, 18, 88, 'ver2.2.4', '0000-00-00'),
(55, 47, 88, 'ver2.2.4', '0000-00-00'),
(56, 44, 30, 'ver2.1.0', '2015-06-24'),
(57, 59, 39, 'ver0.67', '2016-04-13'),
(58, 45, 89, 'ver3.23.0.2', '0000-00-00'),
(59, 29, 30, 'ver2.0.5', '2014-08-30'),
(60, 12, 12, 'ver15.020.20042', '2016-11-05'),
(61, 58, 12, 'ver15.020.20042', '2016-11-07'),
(62, 55, 30, 'ver2.1.2', '2016-04-11'),
(63, 38, 68, 'ver8.1.1.1115', '2016-11-23'),
(64, 14, 36, 'ver1.2.4.10', '2015-02-15'),
(65, 28, 90, 'ver5.0.229.0', '2016-04-24'),
(66, 62, 83, 'ver3.9.141.259', '0000-00-00'),
(67, 45, 49, 'ver7.1.7.2606', '2016-10-21'),
(68, 63, 34, 'ver8.0.1120.15', '2016-11-24'),
(69, 58, 48, 'ver1.32.3889.0961', '2016-11-22'),
(70, 4, 7, 'ver3.0.20.0', '2016-11-24'),
(71, 36, 53, 'ver10.1.16', '2016-05-03'),
(72, 32, 59, 'ver451', '0000-00-00'),
(73, 22, 23, 'ver8.0.310.13', '2015-02-05'),
(74, 54, 60, 'ver0.91', '2015-02-02'),
(75, 32, 44, 'ver2.0.3', '2016-11-04'),
(76, 38, 87, 'ver55.0.2883.87', '2016-12-15'),
(77, 8, 7, 'ver2.2.2', '2013-05-16'),
(78, 23, 80, 'ver2.0.2', '2012-11-02'),
(79, 28, 1, 'ver23.0.0.257', '2016-09-15'),
(80, 38, 102, 'ver16.04', '0000-00-00'),
(81, 15, 48, 'ver1.32.4066.7445', '2016-12-13'),
(82, 8, 88, 'ver2.2.4', '0000-00-00'),
(83, 59, 87, 'ver55.0.2883.87', '2016-12-13'),
(84, 67, 78, 'ver3.2.2', '0000-00-00'),
(85, 40, 96, '', '2014-08-19'),
(86, 53, 34, 'ver8.0.770.3', '2016-04-03'),
(87, 11, 1, 'ver24.0.0.180', '2016-12-14'),
(88, 52, 97, 'ver2.8.18', '2016-09-12'),
(89, 45, 97, 'ver2.8.18', '2016-09-02'),
(90, 24, 80, 'ver2.0.2', '2012-05-16'),
(91, 28, 87, 'ver54.0.2840.99', '2016-11-05'),
(92, 12, 34, 'ver8.0.1120.15', '2016-11-05'),
(93, 76, 22, 'ver4.5.4.5306', '2015-02-15'),
(94, 14, 85, 'ver0.5.4', '2013-05-16'),
(95, 31, 102, 'ver16.04.00.0', '2016-11-07'),
(96, 39, 94, '', '0000-00-00'),
(97, 22, 17, 'ver1.23.1', '0000-00-00'),
(98, 37, 21, 'ver18.0.0.366', '0000-00-00'),
(99, 28, 85, 'ver0.5.7', '2014-02-22'),
(100, 39, 66, 'ver7.2.1', '0000-00-00'),
(101, 9, 21, 'ver24.0.0.186', '0000-00-00'),
(102, 33, 29, 'ver1.4.20', '2016-08-21'),
(103, 33, 5, 'ver0.53.00.00', '2013-08-29'),
(104, 58, 57, 'ver5.2.3.3', '2016-11-22'),
(105, 9, 67, 'ver12.2.5.195', '0000-00-00'),
(106, 13, 48, 'ver1.32.3889.0961', '2016-12-06'),
(107, 51, 21, 'ver24.0.0.186', '0000-00-00'),
(108, 11, 20, 'ver2.78.1', '2016-11-03'),
(109, 24, 46, 'ver24.0.0.186', '0000-00-00'),
(110, 61, 75, 'ver5.9.2', '2016-11-05'),
(111, 39, 21, 'ver24.0.0.186', '0000-00-00'),
(112, 70, 70, 'ver5.1.50901.0', '2016-10-12'),
(113, 54, 22, 'ver4.5.7.6389', '2016-11-05'),
(114, 53, 70, 'ver5.1.41212.0', '2016-04-03'),
(115, 15, 14, 'ver2.14.0', '2015-02-05'),
(116, 22, 42, 'ver2.4.1', '2016-11-30'),
(117, 39, 102, 'ver16.04', '0000-00-00'),
(118, 44, 68, 'ver8.1.0.1013', '2016-11-12'),
(119, 61, 64, 'ver41.0.2353.46', '0000-00-00'),
(120, 73, 81, 'ver2.36', '2016-08-20'),
(121, 24, 5, 'ver0.53.00.00', '2013-08-27'),
(122, 45, 36, 'ver1.2.6.7', '2015-06-25'),
(123, 12, 67, 'ver12.2.5.195', '0000-00-00'),
(124, 71, 30, 'ver2.1.2', '2016-04-11'),
(125, 20, 21, 'ver24.0.0.186', '0000-00-00'),
(126, 15, 70, 'ver5.1.50901.0', '2016-10-12'),
(127, 38, 7, 'ver3.0.20.0', '2016-11-24'),
(128, 8, 5, 'ver0.53.00.00', '2013-05-16'),
(129, 62, 67, 'ver12.2.5.195', '0000-00-00'),
(130, 32, 13, 'ver1.16', '0000-00-00'),
(131, 65, 102, 'ver16.02', '0000-00-00'),
(132, 29, 54, 'ver1.5.4', '0000-00-00'),
(133, 9, 78, 'ver3.2.2', '0000-00-00'),
(134, 11, 7, 'ver3.0.20.0', '2016-11-04'),
(135, 49, 56, 'ver2.0.0.372', '0000-00-00'),
(136, 10, 1, 'ver23.0.0.257', '2016-10-10'),
(137, 71, 21, 'ver24.0.0.186', '0000-00-00'),
(138, 71, 48, 'ver1.32.3889.0961', '2016-11-22'),
(139, 47, 1, 'ver23.0.0.257', '2016-09-20'),
(140, 12, 103, 'ver12.3.5', '2016-08-19'),
(141, 63, 103, 'ver12.6.0', '2016-11-23'),
(142, 20, 28, 'ver7.2.2', '0000-00-00'),
(143, 21, 63, 'ver50.0', '0000-00-00'),
(144, 72, 63, 'ver50.1.0', '0000-00-00'),
(145, 12, 60, 'ver0.91', '2015-03-08'),
(146, 47, 57, 'ver5.2.0.4', '2016-08-19'),
(147, 32, 22, 'ver4.5.7.6389', '2016-11-04'),
(148, 49, 84, 'ver11.0.705.1', '2013-01-07'),
(149, 24, 57, 'ver5.2.0.4', '2016-08-24'),
(150, 21, 67, 'ver12.2.5.195', '0000-00-00'),
(151, 34, 7, 'ver2.2.1', '0000-00-00'),
(152, 22, 102, 'ver16.04.00.0', '2016-11-02'),
(153, 32, 89, 'ver3.23.0.2', '0000-00-00'),
(154, 32, 90, 'ver5.0.286.0', '2016-11-04'),
(155, 41, 87, 'ver55.0.2883.87', '2016-12-13'),
(156, 31, 88, 'ver2.2.4', '0000-00-00'),
(157, 52, 14, 'ver2.14.0', '2015-06-25'),
(158, 76, 28, 'ver7.2.2', '0000-00-00'),
(159, 38, 90, 'ver5.0.286.0', '2016-11-23'),
(160, 13, 30, 'ver2.1.0', '2015-06-25'),
(161, 67, 103, 'ver12.3.5', '2016-08-21'),
(162, 21, 88, 'ver2.2.4', '0000-00-00'),
(163, 54, 48, 'ver1.32.4066.7445', '2016-12-12'),
(164, 37, 68, 'ver3.1.3.1030', '0000-00-00'),
(165, 39, 30, 'ver2.1.2', '2016-04-25'),
(166, 73, 1, 'ver24.0.0.180', '2016-12-14'),
(167, 3, 53, 'ver9.5.3', '2016-12-15'),
(168, 22, 70, 'ver5.1.50901.0', '2016-10-12'),
(169, 54, 39, 'ver0.67', '2016-03-25'),
(170, 14, 70, 'ver5.1.50901.0', '2016-10-12'),
(171, 47, 85, 'ver0.5.7', '2014-02-22'),
(172, 32, 75, 'ver5.9.3', '2016-12-05'),
(173, 40, 63, 'ver50.0', '0000-00-00'),
(174, 61, 12, 'ver15.020.20042', '2016-11-05'),
(175, 46, 9, 'ver5.22', '0000-00-00'),
(176, 34, 97, 'ver2.8.18', '2016-08-19'),
(177, 34, 78, 'ver3.2.2', '0000-00-00'),
(178, 70, 60, 'ver0.91', '2016-08-26'),
(179, 60, 102, 'ver16.04', '0000-00-00'),
(180, 76, 64, 'ver41.0.2353.69', '0000-00-00'),
(181, 17, 46, 'ver23.0.0.207', '0000-00-00'),
(182, 12, 73, '', '0000-00-00'),
(183, 8, 97, 'ver2.8.18', '2016-08-22'),
(184, 20, 102, 'ver16.02', '0000-00-00'),
(185, 31, 64, 'ver41.0.2353.69', '0000-00-00'),
(186, 55, 29, 'ver1.4.20', '2016-04-25'),
(187, 38, 75, 'ver5.9.3', '2016-12-15'),
(188, 22, 74, 'ver4.0.10', '2016-08-19'),
(189, 11, 21, 'ver24.0.0.186', '0000-00-00'),
(190, 39, 28, 'ver7.2.2', '0000-00-00'),
(191, 34, 87, 'ver54.0.2840.87', '2016-11-05'),
(192, 9, 74, 'ver4.0.9', '2016-04-08'),
(193, 15, 51, '', '2014-08-15'),
(194, 63, 90, 'ver5.0.286.0', '2016-11-23'),
(195, 15, 30, 'ver2.1.0', '2015-07-24'),
(196, 29, 29, 'ver1.4.20', '2016-04-25'),
(197, 54, 94, '', '0000-00-00'),
(198, 23, 1, 'ver23.0.0.257', '2016-11-12'),
(199, 53, 64, 'ver36.0.2130.46', '0000-00-00'),
(200, 57, 53, 'ver10.1.16', '2016-05-24'),
(201, 32, 21, 'ver23.0.0.207', '0000-00-00'),
(202, 62, 42, 'ver2.4.0', '2016-11-06'),
(203, 21, 21, 'ver23.0.0.207', '0000-00-00'),
(204, 43, 46, 'ver24.0.0.186', '0000-00-00'),
(205, 76, 17, 'ver1.22', '0000-00-00'),
(206, 61, 9, 'ver5.23', '0000-00-00'),
(207, 13, 39, 'ver0.67', '2016-04-10'),
(208, 39, 39, 'ver0.67', '2016-04-25'),
(209, 1, 21, 'ver23.0.0.207', '0000-00-00'),
(210, 47, 21, 'ver23.0.0.207', '0000-00-00'),
(211, 45, 68, 'ver8.0.2.805', '2016-09-11'),
(212, 55, 21, 'ver23.0.0.207', '0000-00-00'),
(213, 35, 87, 'ver55.0.2883.75', '2016-12-07'),
(214, 73, 101, 'ver15.4.22', '0000-00-00'),
(215, 45, 74, 'ver4.0.9', '2016-04-12'),
(216, 53, 1, 'ver21.0.0.176', '2016-04-03'),
(217, 31, 80, 'ver2.0.2', '2012-11-02'),
(218, 24, 61, 'ver1516.1.0', '0000-00-00'),
(219, 42, 56, 'ver2.0.0.372', '0000-00-00'),
(220, 2, 38, 'ver4', '2016-10-24'),
(221, 44, 63, 'ver50.1.0', '0000-00-00'),
(222, 57, 84, 'ver10.8.364.0', '2011-11-28'),
(223, 43, 14, 'ver2.14.0', '2013-08-26'),
(224, 25, 7, 'ver3.0.20.0', '2016-11-24'),
(225, 26, 29, 'ver1.4.20', '2016-11-11'),
(226, 31, 87, 'ver55.0.2883.75', '2016-12-08'),
(227, 7, 104, 'ver1.2.61', '2015-02-25'),
(228, 70, 30, 'ver2.1.2', '2016-08-25'),
(229, 67, 86, 'ver2.5.8.0', '2014-09-16'),
(230, 4, 74, 'ver4.0.12', '2016-11-23'),
(231, 70, 97, 'ver2.8.18', '2016-08-27'),
(232, 68, 88, 'ver1.1.11', '0000-00-00'),
(233, 66, 49, 'ver7.1.7.2606', '2016-11-22'),
(234, 63, 87, 'ver54.0.2840.99', '2016-11-23'),
(235, 55, 83, 'ver3.9.141.259', '0000-00-00'),
(236, 56, 9, 'ver5.24', '0000-00-00'),
(237, 21, 36, 'ver1.1.9.13', '2014-08-30'),
(238, 31, 12, 'ver15.020.20042', '2016-11-07'),
(239, 76, 30, 'ver2.1.2', '2016-04-25'),
(240, 63, 67, 'ver12.2.5.195', '0000-00-00'),
(241, 24, 68, 'ver8.0.2.805', '2016-08-24'),
(242, 73, 67, 'ver12.2.5.195', '0000-00-00'),
(243, 16, 9, 'ver5.24', '0000-00-00'),
(244, 20, 81, 'ver2.36', '2016-08-19'),
(245, 54, 97, 'ver2.8.18', '2016-08-19'),
(246, 1, 9, 'ver5.24', '0000-00-00'),
(247, 21, 54, 'ver1.4.1', '0000-00-00'),
(248, 52, 22, 'ver4.5.7.6389', '2016-11-06'),
(249, 62, 81, 'ver2.38', '2016-11-06'),
(250, 59, 57, 'ver5.2.3.3', '2016-12-13'),
(251, 23, 49, 'ver7.1.7.2606', '2016-11-23'),
(252, 20, 83, 'ver3.9.141.259', '0000-00-00'),
(253, 18, 46, 'ver23.0.0.205', '0000-00-00'),
(254, 73, 12, 'ver15.020.20042', '2016-11-07'),
(255, 33, 83, 'ver3.9.141.259', '0000-00-00'),
(256, 55, 1, 'ver23.0.0.257', '2016-09-14'),
(257, 71, 88, 'ver2.2.4', '0000-00-00'),
(258, 12, 21, 'ver23.0.0.207', '0000-00-00'),
(259, 9, 83, 'ver3.9.141.259', '0000-00-00'),
(260, 62, 102, 'ver16.04', '0000-00-00'),
(261, 54, 91, 'ver0.6.2', '2012-09-02'),
(262, 65, 34, 'ver8.0.1010.13', '2016-09-08'),
(263, 18, 50, 'ver3.0.6', '0000-00-00'),
(264, 29, 86, 'ver2.5.8.0', '2014-08-30'),
(265, 24, 61, 'ver1415.1.0', '0000-00-00'),
(266, 14, 89, 'ver3.22.2.2', '0000-00-00'),
(267, 50, 102, 'ver16.04', '0000-00-00'),
(268, 29, 21, 'ver24.0.0.186', '0000-00-00'),
(269, 63, 74, 'ver4.0.12', '2016-11-23'),
(270, 63, 19, 'ver4.42', '0000-00-00'),
(271, 39, 65, 'ver4.9.9.2', '0000-00-00'),
(272, 34, 29, 'ver1.4.20', '2016-04-28'),
(273, 54, 49, 'ver7.1.7.2606', '2016-11-05'),
(274, 2, 44, 'ver1.0.0', '0000-00-00'),
(275, 69, 88, 'ver2.2.4', '0000-00-00'),
(276, 66, 36, 'ver1.2.8.12', '2016-05-01'),
(277, 4, 81, 'ver2.39', '2016-11-23'),
(278, 23, 64, 'ver41.0.2353.69', '0000-00-00'),
(279, 62, 103, 'ver12.5.0', '2016-11-06'),
(280, 40, 14, 'ver2.14.0', '2014-12-04'),
(281, 70, 86, 'ver2.5.8.0', '2014-02-23'),
(282, 36, 58, 'ver16.4.3528.0331', '2016-09-05'),
(283, 10, 63, 'ver50.0.2', '0000-00-00'),
(284, 43, 30, 'ver2.1.2', '2016-03-21'),
(285, 62, 88, 'ver2.2.4', '0000-00-00'),
(286, 59, 29, 'ver1.4.20', '2016-05-03'),
(287, 23, 19, 'ver4.42', '0000-00-00'),
(288, 33, 14, 'ver2.14.0', '2013-08-29'),
(289, 1, 62, 'ver7.0.102', '2015-04-15'),
(290, 19, 53, 'ver9.5.5', '2014-11-27'),
(291, 35, 30, 'ver2.1.2', '2016-04-03'),
(292, 76, 29, 'ver1.4.20', '2016-04-25'),
(293, 34, 12, 'ver15.020.20042', '2016-11-07'),
(294, 15, 22, 'ver4.5.7.6389', '2016-11-05'),
(295, 56, 7, 'ver3.0.20.0', '2016-11-24'),
(296, 76, 86, 'ver2.5.8.0', '2013-12-14'),
(297, 56, 74, 'ver4.0.12', '2016-11-23'),
(298, 61, 14, 'ver2.14.0', '2015-06-25'),
(299, 11, 97, 'ver2.8.18', '2016-11-03'),
(300, 8, 9, 'ver5.24', '0000-00-00'),
(301, 25, 21, 'ver24.0.0.186', '0000-00-00'),
(302, 4, 48, 'ver1.32.3889.0961', '2016-11-23'),
(303, 17, 63, 'ver50.0.2', '0000-00-00'),
(304, 2, 102, 'ver16.04', '0000-00-00'),
(305, 21, 49, 'ver7.1.7.2606', '2016-11-05'),
(306, 37, 50, 'ver3.0.6', '0000-00-00'),
(307, 33, 67, 'ver12.2.5.195', '0000-00-00'),
(308, 14, 64, 'ver12.15.1748', '0000-00-00'),
(309, 4, 28, 'ver7.2.2', '0000-00-00'),
(310, 53, 51, '', '2016-04-04'),
(311, 11, 59, 'ver255', '2016-11-04'),
(312, 8, 64, 'ver41.0.2353.69', '0000-00-00'),
(313, 24, 48, 'ver1.32.3889.0961', '2016-11-28'),
(314, 34, 102, 'ver16.02', '0000-00-00'),
(315, 47, 12, 'ver15.020.20042', '2016-11-08'),
(316, 31, 30, 'ver2.0.6', '2015-02-04'),
(317, 5, 88, 'ver2.2.4', '0000-00-00'),
(318, 29, 97, 'ver2.8.18', '2016-09-10'),
(319, 15, 97, 'ver2.8.18', '2016-08-19'),
(320, 56, 60, 'ver0.91', '2016-11-23'),
(321, 8, 14, 'ver2.14.0', '2013-05-16'),
(322, 41, 97, 'ver2.8.18', '2016-08-20'),
(323, 34, 96, '', '2015-01-17'),
(324, 59, 22, 'ver4.5.6.5844', '2015-09-12'),
(325, 17, 21, 'ver23.0.0.207', '0000-00-00'),
(326, 59, 30, 'ver2.1.2', '2016-03-22'),
(327, 22, 28, 'ver7.2.2', '0000-00-00'),
(328, 7, 2, 'ver5.1', '0000-00-00'),
(329, 59, 36, 'ver1.2.8.12', '2015-12-07'),
(330, 12, 46, 'ver23.0.0.207', '0000-00-00'),
(331, 9, 63, 'ver50.1.0', '0000-00-00'),
(332, 25, 78, 'ver3.3.1', '2016-11-24'),
(333, 36, 44, 'ver1.0.0', '0000-00-00'),
(334, 73, 39, 'ver0.67', '2016-04-23'),
(335, 12, 74, 'ver4.0.10', '2016-08-19'),
(336, 33, 19, 'ver4.42', '0000-00-00'),
(337, 40, 74, 'ver4.0.12', '2016-09-18'),
(338, 8, 29, 'ver1.4.20', '2016-04-25'),
(339, 11, 103, 'ver12.5.0', '2016-11-03'),
(340, 2, 1, 'ver24.0.0.180', '2016-12-14'),
(341, 41, 83, 'ver3.9.141.259', '0000-00-00'),
(342, 59, 67, 'ver12.2.5.195', '0000-00-00'),
(343, 60, 60, 'ver0.91', '2016-11-23'),
(344, 57, 9, 'ver5.24', '0000-00-00'),
(345, 52, 74, 'ver4.0.12', '2016-11-06'),
(346, 61, 38, 'ver4', '2015-07-14'),
(347, 76, 96, '', '2013-12-14'),
(348, 8, 49, 'ver7.1.7.2606', '2016-10-28'),
(349, 31, 36, 'ver1.1.8.35', '2014-04-22'),
(350, 55, 34, 'ver8.0.1120.15', '2016-11-07'),
(351, 15, 34, 'ver8.0.1120.15', '2016-11-05'),
(352, 34, 39, 'ver0.67', '2016-03-07'),
(353, 37, 67, 'ver12.2.5.195', '0000-00-00'),
(354, 67, 7, 'ver2.2.2', '2013-11-16'),
(355, 23, 68, 'ver8.0.2.805', '2016-08-24'),
(356, 54, 25, 'ver12.0.6612.1000', '2016-12-12'),
(357, 66, 18, 'ver3.5.7', '0000-00-00'),
(358, 67, 29, 'ver1.4.20', '2016-08-21'),
(359, 14, 23, 'ver8.0.310.13', '2015-02-15'),
(360, 70, 39, 'ver0.67', '2016-08-25'),
(361, 20, 64, 'ver42.0.2393.85', '0000-00-00'),
(362, 44, 39, 'ver0.67', '2016-04-11'),
(363, 11, 39, 'ver0.67', '2016-11-03'),
(364, 31, 60, 'ver0.91', '2015-02-05'),
(365, 19, 87, 'ver55.0.2883.87', '2016-12-13'),
(366, 1, 88, 'ver2.2.2', '0000-00-00'),
(367, 35, 67, 'ver12.2.5.195', '0000-00-00'),
(368, 8, 94, '', '0000-00-00'),
(369, 61, 57, 'ver5.2.3.3', '2016-11-05'),
(370, 39, 48, 'ver1.32.4066.7445', '2016-12-13'),
(371, 33, 70, 'ver5.1.50428.0', '2016-08-21'),
(372, 76, 85, 'ver0.5.7', '2013-12-14'),
(373, 40, 89, 'ver3.21.0', '0000-00-00'),
(374, 29, 42, 'ver2.3.2', '2016-09-10'),
(375, 26, 68, 'ver7.1.5.425', '2015-06-16'),
(376, 21, 23, 'ver8.0.250.18', '2014-11-06'),
(377, 1, 82, 'ver15.4.3502.0922', '2011-07-21'),
(378, 52, 57, 'ver5.2.3.3', '2016-11-06'),
(379, 32, 39, 'ver0.67', '2016-11-03'),
(380, 74, 56, 'ver2.0.0.372', '0000-00-00'),
(381, 8, 85, 'ver0.5.4', '2013-05-16'),
(382, 16, 36, 'ver1.2.8.12', '2016-05-01'),
(383, 23, 90, 'ver5.0.268.0', '2016-08-24'),
(384, 21, 64, 'ver41.0.2353.56', '0000-00-00'),
(385, 71, 29, 'ver1.4.20', '2016-04-25'),
(386, 73, 70, 'ver5.1.50901.0', '2016-10-13'),
(387, 51, 53, 'ver9.5.5', '2013-10-11'),
(388, 12, 39, 'ver0.67', '2016-03-20'),
(389, 28, 64, 'ver41.0.2353.69', '0000-00-00'),
(390, 11, 48, 'ver1.32.4066.7445', '2016-12-09'),
(391, 31, 28, 'ver7.2.2', '0000-00-00'),
(392, 32, 14, 'ver2.14.0', '2016-11-04'),
(393, 4, 60, 'ver0.91', '2016-11-23'),
(394, 31, 101, 'ver15.4.22', '0000-00-00'),
(395, 22, 7, 'ver2.2.4', '2015-05-28'),
(396, 15, 28, 'ver7.2.2', '0000-00-00'),
(397, 46, 46, 'ver23.0.0.207', '0000-00-00'),
(398, 76, 57, 'ver5.1.2.2', '2016-04-25'),
(399, 29, 20, 'ver2.67a', '0000-00-00'),
(400, 73, 14, 'ver2.14.0', '2015-02-16'),
(401, 23, 46, 'ver23.0.0.207', '0000-00-00'),
(402, 67, 48, 'ver1.32.3889.0961', '2016-11-22'),
(403, 32, 94, '', '0000-00-00'),
(404, 43, 19, 'ver4.42', '0000-00-00'),
(405, 71, 102, 'ver16.02', '0000-00-00'),
(406, 13, 28, 'ver7.2.2', '0000-00-00'),
(407, 63, 39, 'ver0.67', '2016-11-23'),
(408, 34, 64, 'ver12.16.1860', '0000-00-00'),
(409, 68, 58, 'ver16.4.3528.0331', '2016-09-05'),
(410, 6, 9, 'ver5.24', '0000-00-00'),
(411, 8, 57, 'ver5.1.2.2', '2016-04-11'),
(412, 62, 46, 'ver23.0.0.205', '0000-00-00'),
(413, 16, 88, 'ver2.2.4', '0000-00-00'),
(414, 16, 48, 'ver1.32.4066.7445', '2016-12-09'),
(415, 59, 64, 'ver41.0.2353.69', '0000-00-00'),
(416, 32, 56, 'ver2.0.0.372', '0000-00-00'),
(417, 11, 57, 'ver5.2.2.2', '2016-11-03'),
(418, 38, 97, 'ver2.8.18', '2016-11-23'),
(419, 55, 9, 'ver5.24', '0000-00-00'),
(420, 76, 65, 'ver4.9.9.2', '0000-00-00'),
(421, 16, 102, 'ver16.04.00.0', '2016-11-03'),
(422, 44, 36, 'ver1.2.6.7', '2015-06-24'),
(423, 8, 74, 'ver4.0.9', '2016-03-21'),
(424, 43, 34, 'ver8.0.1120.15', '2016-11-07'),
(425, 33, 102, 'ver16.02', '0000-00-00'),
(426, 44, 28, 'ver7.2.2', '0000-00-00'),
(427, 76, 46, 'ver23.0.0.207', '0000-00-00'),
(428, 54, 78, 'ver3.2.2', '0000-00-00'),
(429, 43, 57, 'ver5.1.2.2', '2016-04-11'),
(430, 30, 1, 'ver24.0.0.180', '2016-12-14'),
(431, 31, 30, 'ver2.1.2', '2016-03-21'),
(432, 67, 9, 'ver5.24', '0000-00-00'),
(433, 10, 68, 'ver8.0.2.805', '2016-10-10'),
(434, 12, 49, 'ver7.1.7.2606', '2016-11-05'),
(435, 21, 44, 'ver1.0.0', '0000-00-00'),
(436, 44, 22, 'ver4.5.5.5666', '2015-06-24'),
(437, 64, 68, 'ver7.2.8.1124', '2016-01-15'),
(438, 39, 17, 'ver1.22', '0000-00-00'),
(439, 12, 68, 'ver8.0.2.805', '2016-08-19'),
(440, 20, 12, 'ver15.020.20042', '2016-11-03'),
(441, 34, 49, 'ver7.1.7.2606', '2016-10-31'),
(442, 22, 12, 'ver15.020.20042', '2016-11-05'),
(443, 9, 30, 'ver2.1.2', '2016-03-22'),
(444, 32, 91, 'ver2.2.2', '2016-11-04'),
(445, 24, 103, 'ver12.3.5', '2016-08-24'),
(446, 25, 12, 'ver15.020.20042', '2016-11-24'),
(447, 11, 94, '', '0000-00-00'),
(448, 4, 1, 'ver24.0.0.180', '2016-12-14'),
(449, 43, 85, 'ver0.5.3', '2012-06-24'),
(450, 11, 25, 'ver12.0.6612.1000', '2016-11-24'),
(451, 6, 34, 'ver8.0.1120.15', '2016-11-07'),
(452, 57, 70, 'ver5.1.50709.0', '2016-12-09'),
(453, 45, 88, 'ver2.2.4', '0000-00-00'),
(454, 13, 5, 'ver0.53.00.00', '2015-06-25'),
(455, 11, 49, 'ver7.1.7.2606', '2016-11-04'),
(456, 76, 1, 'ver23.0.0.257', '2016-09-16'),
(457, 67, 64, 'ver12.16.1860', '0000-00-00'),
(458, 48, 12, 'ver15.020.20042', '2016-11-07'),
(459, 14, 102, 'ver16.04', '0000-00-00'),
(460, 41, 14, 'ver2.14.0', '2014-11-24'),
(461, 5, 21, 'ver18.0.0.375', '0000-00-00'),
(462, 49, 34, 'ver8.0.1110.14', '2016-12-07'),
(463, 45, 42, 'ver2.4.1', '2016-12-02'),
(464, 35, 75, 'ver5.9.2', '2016-09-20'),
(465, 60, 103, 'ver12.6.0', '2016-11-23'),
(466, 54, 54, 'ver1.5.4', '0000-00-00'),
(467, 41, 103, 'ver12.3.5', '2016-08-20'),
(468, 38, 9, 'ver5.25', '0000-00-00'),
(469, 36, 84, 'ver10.7.144.0', '2012-02-17'),
(470, 70, 68, 'ver8.1.0.1013', '2016-11-05'),
(471, 6, 63, 'ver50.1.0', '0000-00-00'),
(472, 63, 48, 'ver1.32.4066.7445', '2016-12-13'),
(473, 23, 48, 'ver1.32.3889.0961', '2016-11-22'),
(474, 43, 42, 'ver2.4.0', '2016-11-07'),
(475, 24, 85, 'ver0.5.3', '2012-05-16'),
(476, 14, 49, 'ver7.1.7.2606', '2016-11-06'),
(477, 33, 28, 'ver7.2.2', '0000-00-00'),
(478, 15, 89, 'ver3.23.0.2', '0000-00-00'),
(479, 29, 28, 'ver7.2', '0000-00-00'),
(480, 28, 48, 'ver1.32.3889.0961', '2016-11-22'),
(481, 14, 12, 'ver15.020.20039', '2016-10-21'),
(482, 71, 5, 'ver0.53.00.00', '2013-04-09'),
(483, 68, 38, 'ver4', '2011-11-15'),
(484, 15, 81, 'ver2.36', '2016-08-19'),
(485, 15, 102, 'ver16.02', '0000-00-00'),
(486, 70, 75, 'ver5.9.3', '2016-12-05'),
(487, 70, 48, 'ver1.32.3889.0961', '2016-12-05'),
(488, 24, 83, 'ver3.9.141.259', '0000-00-00'),
(489, 51, 55, 'ver16.4.3528.0331', '2016-09-01'),
(490, 54, 5, 'ver0.53.00.00', '2012-09-02'),
(491, 46, 68, 'ver6.2.1.618', '2014-09-03'),
(492, 56, 67, 'ver12.2.5.195', '0000-00-00'),
(493, 34, 102, 'ver16.04.00.0', '2016-10-31'),
(494, 25, 48, 'ver1.32.3889.0961', '2016-11-23'),
(495, 60, 68, 'ver8.1.1.1115', '2016-11-23'),
(496, 73, 68, 'ver8.0.2.805', '2016-08-20'),
(497, 67, 36, 'ver1.2.4.10', '2015-02-14'),
(498, 44, 87, 'ver55.0.2883.87', '2016-12-13'),
(499, 5, 63, 'ver50.0.2', '0000-00-00'),
(500, 57, 73, '', '0000-00-00'),
(501, 39, 25, 'ver12.0.6612.1000', '2016-04-13'),
(502, 63, 88, 'ver2.2.4', '0000-00-00'),
(503, 24, 7, 'ver2.2.1', '0000-00-00'),
(504, 32, 46, 'ver23.0.0.207', '0000-00-00'),
(505, 76, 5, 'ver0.53.00.00', '2013-05-16'),
(506, 33, 81, 'ver2.36', '2016-08-21'),
(507, 34, 19, 'ver4.42', '0000-00-00'),
(508, 30, 88, 'ver2.2.4', '0000-00-00'),
(509, 32, 64, 'ver41.0.2353.69', '0000-00-00'),
(510, 62, 12, 'ver15.020.20039', '2016-10-21'),
(511, 56, 88, 'ver2.2.4', '0000-00-00'),
(512, 18, 63, 'ver50.0.2', '0000-00-00'),
(513, 25, 87, 'ver54.0.2840.99', '2016-11-23'),
(514, 10, 46, 'ver23.0.0.207', '0000-00-00'),
(515, 4, 103, 'ver12.6.0', '2016-11-23'),
(516, 39, 49, 'ver7.1.7.2606', '2016-10-28'),
(517, 5, 68, 'ver5.1.3.1201', '2012-05-18'),
(518, 16, 5, '', '0000-00-00'),
(519, 67, 70, 'ver5.1.50901.0', '2016-10-12'),
(520, 38, 78, 'ver3.3.1', '2016-11-24'),
(521, 62, 17, 'ver1.22', '0000-00-00'),
(522, 51, 63, 'ver50.1.0', '0000-00-00'),
(523, 51, 70, 'ver5.1.50901.0', '2016-10-12'),
(524, 62, 19, 'ver4.42', '0000-00-00'),
(525, 21, 20, 'ver2.67a', '0000-00-00'),
(526, 21, 89, 'ver3.22.2.2', '0000-00-00'),
(527, 44, 34, 'ver8.0.1120.15', '2016-11-07'),
(528, 54, 66, 'ver8.0', '0000-00-00'),
(529, 54, 76, 'ver3.0', '0000-00-00'),
(530, 76, 21, 'ver23.0.0.207', '0000-00-00'),
(531, 74, 63, 'ver50.1.0', '0000-00-00'),
(532, 11, 54, 'ver1.5.4', '0000-00-00'),
(533, 24, 9, 'ver5.23', '0000-00-00'),
(534, 32, 17, 'ver1.28', '0000-00-00'),
(535, 20, 44, 'ver1.0.0', '0000-00-00'),
(536, 34, 88, 'ver2.2.4', '0000-00-00'),
(537, 11, 88, 'ver2.2.4', '0000-00-00'),
(538, 35, 81, 'ver2.35', '2016-04-03'),
(539, 1, 58, 'ver15.4.3502.0922', '2011-11-15'),
(540, 4, 102, 'ver16.04', '0000-00-00'),
(541, 58, 75, 'ver5.9.3', '2016-12-05'),
(542, 12, 28, 'ver7.2.2', '0000-00-00'),
(543, 4, 46, 'ver24.0.0.186', '0000-00-00'),
(544, 16, 30, 'ver2.1.2', '2016-05-01'),
(545, 17, 88, 'ver2.2.4', '0000-00-00'),
(546, 35, 1, 'ver23.0.0.257', '2016-09-14'),
(547, 39, 85, 'ver0.5.4', '2012-09-02'),
(548, 66, 102, 'ver15.14', '0000-00-00'),
(549, 6, 88, 'ver2.2.4', '0000-00-00'),
(550, 58, 1, 'ver23.0.0.257', '2016-09-16'),
(551, 28, 81, 'ver2.36', '2016-08-19'),
(552, 22, 34, 'ver8.0.1120.15', '2016-11-02'),
(553, 55, 74, 'ver4.0.9', '2016-01-17'),
(554, 70, 36, 'ver1.1.7.17', '2014-02-23'),
(555, 29, 1, 'ver23.0.0.257', '2016-10-10'),
(556, 76, 102, 'ver16.04.00.0', '2016-11-06'),
(557, 23, 78, 'ver3.2.2', '0000-00-00'),
(558, 62, 1, 'ver23.0.0.257', '2016-09-21'),
(559, 54, 36, 'ver1.2.8.12', '2016-03-29'),
(560, 1, 55, 'ver15.4.3508.1109', '0000-00-00'),
(561, 72, 88, 'ver2.2.4', '0000-00-00'),
(562, 28, 68, 'ver8.0.2.805', '2016-08-19'),
(563, 17, 2, 'ver5.1', '0000-00-00'),
(564, 25, 29, 'ver1.4.20', '2016-11-24'),
(565, 70, 83, 'ver3.9.141.259', '0000-00-00'),
(566, 20, 63, 'ver50.1.0', '0000-00-00'),
(567, 13, 60, 'ver0.91', '2015-06-25'),
(568, 43, 97, 'ver2.8.18', '2016-08-01'),
(569, 73, 75, 'ver5.9.2', '2016-09-29'),
(570, 50, 56, 'ver2.0.0.372', '0000-00-00'),
(571, 76, 70, 'ver5.1.41212.0', '2016-01-15'),
(572, 68, 82, 'ver15.4.3502.0922', '2011-07-21'),
(573, 24, 12, 'ver15.020.20042', '2016-11-07'),
(574, 54, 83, 'ver3.9.141.259', '0000-00-00'),
(575, 62, 68, 'ver8.1.0.1013', '2016-11-06'),
(576, 20, 30, 'ver2.1.2', '2016-03-31'),
(577, 40, 81, 'ver2.36', '2016-05-03'),
(578, 24, 14, 'ver2.14.0', '2013-08-27'),
(579, 61, 81, 'ver2.38', '2016-11-05'),
(580, 39, 64, 'ver42.0.2393.85', '0000-00-00'),
(581, 55, 103, 'ver12.0.5', '2016-04-11'),
(582, 31, 91, 'ver0.6.2', '2012-11-02'),
(583, 58, 14, 'ver2.14.0', '2015-02-14'),
(584, 44, 19, 'ver4.42', '0000-00-00'),
(585, 22, 30, 'ver2.1.0', '2015-03-30'),
(586, 32, 7, 'ver3.0.20.0', '2016-11-04'),
(587, 14, 60, 'ver0.91', '2015-02-15'),
(588, 12, 83, 'ver3.9.141.259', '0000-00-00'),
(589, 8, 86, 'ver2.5.8.0', '2014-08-23'),
(590, 41, 9, 'ver5.24', '0000-00-00'),
(591, 70, 30, 'ver2.0.5', '2014-02-23'),
(592, 58, 28, 'ver7.2.2', '0000-00-00'),
(593, 39, 87, 'ver55.0.2883.87', '2016-12-13'),
(594, 26, 102, 'ver9.10', '0000-00-00'),
(595, 71, 103, 'ver12.3.5', '2016-08-19'),
(596, 4, 64, 'ver42.0.2393.85', '0000-00-00'),
(597, 54, 22, 'ver4.5.7.6452', '2016-12-12'),
(598, 32, 78, 'ver3.3.1', '2016-11-04'),
(599, 14, 23, 'ver1.7.0.210', '2013-05-16'),
(600, 21, 46, 'ver23.0.0.207', '0000-00-00'),
(601, 43, 9, 'ver5.24', '0000-00-00'),
(602, 13, 23, 'ver8.0.450.14', '2015-06-25'),
(603, 44, 29, 'ver1.4.20', '2016-04-25'),
(604, 68, 44, 'ver1.0.0', '0000-00-00'),
(605, 33, 85, 'ver0.5.7', '2013-12-09'),
(606, 68, 55, 'ver15.4.3502.0922', '2011-07-21'),
(607, 61, 74, 'ver4.0.12', '2016-11-05'),
(608, 39, 57, 'ver5.1.2.2', '2016-04-25'),
(609, 40, 44, 'ver1.0.0', '0000-00-00'),
(610, 47, 44, 'ver1.0.0', '0000-00-00'),
(611, 45, 60, 'ver0.91', '2015-06-25'),
(612, 24, 39, 'ver0.67', '2016-04-27'),
(613, 40, 30, 'ver2.1.2', '2016-05-03'),
(614, 54, 29, 'ver1.4.20', '2016-08-20'),
(615, 47, 60, 'ver0.91', '2015-02-05'),
(616, 4, 42, 'ver2.4.1', '2016-11-23'),
(617, 29, 83, 'ver3.9.141.259', '0000-00-00'),
(618, 35, 68, 'ver7.3.4.311', '2016-04-03'),
(619, 58, 74, 'ver4.0.10', '2016-09-02'),
(620, 11, 19, 'ver4.42', '0000-00-00'),
(621, 31, 102, 'ver16.02', '0000-00-00'),
(622, 43, 86, 'ver2.5.8.0', '2015-02-03'),
(623, 74, 2, 'ver4.9', '0000-00-00'),
(624, 47, 5, '', '0000-00-00'),
(625, 36, 55, 'ver16.4.3528.0331', '2016-09-05'),
(626, 24, 89, 'ver3.23.0.2', '0000-00-00'),
(627, 50, 67, 'ver12.2.5.195', '0000-00-00'),
(628, 45, 39, 'ver0.67', '2016-04-12'),
(629, 63, 89, 'ver3.22.2.2', '0000-00-00'),
(630, 65, 63, 'ver48.0.2', '0000-00-00'),
(631, 36, 104, 'ver1.2.57', '2012-03-02'),
(632, 62, 75, 'ver5.9.2', '2016-09-21'),
(633, 15, 30, 'ver2.1.2', '2016-04-24'),
(634, 9, 99, 'ver1.3.11', '2014-10-28'),
(635, 60, 24, 'ver23.0.0.207', '0000-00-00'),
(636, 61, 89, 'ver3.22.2.2', '0000-00-00'),
(637, 41, 64, 'ver41.0.2353.69', '0000-00-00'),
(638, 54, 88, 'ver2.2.4', '0000-00-00'),
(639, 2, 88, 'ver2.2.4', '0000-00-00'),
(640, 39, 80, 'ver2.0.2', '2012-09-02'),
(641, 39, 73, '', '0000-00-00'),
(642, 11, 29, 'ver1.4.20', '2016-11-03'),
(643, 13, 67, 'ver12.2.5.195', '0000-00-00'),
(644, 56, 78, 'ver3.3.1', '2016-11-24'),
(645, 24, 49, 'ver7.1.7.2606', '2016-11-07'),
(646, 23, 14, 'ver2.14.0', '2013-09-03'),
(647, 24, 63, 'ver50.1.0', '0000-00-00'),
(648, 15, 86, 'ver2.5.8.0', '2014-02-07'),
(649, 30, 92, 'ver2.58.1058', '0000-00-00'),
(650, 12, 63, 'ver50.0.2', '0000-00-00'),
(651, 11, 17, 'ver1.28', '0000-00-00'),
(652, 50, 63, 'ver50.0.2', '0000-00-00'),
(653, 20, 36, 'ver1.2.6.7', '2015-08-10'),
(654, 57, 38, 'ver4', '2011-11-15'),
(655, 53, 39, 'ver0.67', '2016-04-03'),
(656, 65, 30, 'ver2.1.2', '2016-09-08'),
(657, 58, 29, 'ver1.4.20', '2016-09-02'),
(658, 73, 96, '', '2014-02-07'),
(659, 23, 83, 'ver3.9.141.259', '0000-00-00'),
(660, 12, 81, 'ver2.36', '2016-05-03'),
(661, 40, 19, 'ver4.42', '0000-00-00'),
(662, 13, 88, 'ver2.2.4', '0000-00-00'),
(663, 16, 87, 'ver55.0.2883.87', '2016-12-13'),
(664, 2, 34, 'ver8.0.1120.15', '2016-11-10'),
(665, 41, 70, 'ver5.1.50901.0', '2016-10-12'),
(666, 61, 1, 'ver23.0.0.257', '2016-11-05'),
(667, 36, 34, 'ver7.0.800', '2016-09-23'),
(668, 47, 28, 'ver7.2.2', '0000-00-00'),
(669, 23, 103, 'ver12.3.5', '2016-08-24'),
(670, 53, 89, 'ver3.16.1', '0000-00-00'),
(671, 35, 28, 'ver7.2.2', '0000-00-00'),
(672, 29, 30, 'ver2.1.2', '2016-04-13'),
(673, 22, 36, 'ver1.1.9.13', '2014-08-08'),
(674, 44, 67, 'ver12.2.5.195', '0000-00-00'),
(675, 39, 78, 'ver3.2.2', '0000-00-00'),
(676, 14, 23, 'ver1.7.0.670', '2014-10-09'),
(677, 39, 89, 'ver3.23.0.2', '0000-00-00'),
(678, 34, 34, 'ver6.0.450', '2016-03-22'),
(679, 35, 88, 'ver2.2.4', '0000-00-00'),
(680, 42, 68, 'ver5.4.3.920', '2012-10-16'),
(681, 27, 53, 'ver10.1.16', '2016-09-07'),
(682, 61, 102, 'ver16.04.00.0', '2016-11-05'),
(683, 61, 23, 'ver8.0.450.14', '2015-06-25'),
(684, 52, 5, 'ver0.53.00.00', '2015-06-25'),
(685, 23, 22, 'ver4.5.7.6282', '2016-08-24'),
(686, 55, 67, 'ver12.2.5.195', '0000-00-00'),
(687, 39, 46, 'ver24.0.0.186', '0000-00-00'),
(688, 20, 38, 'ver4', '2014-03-18'),
(689, 73, 42, 'ver2.3.2', '2016-08-20'),
(690, 73, 83, 'ver3.9.141.259', '0000-00-00'),
(691, 15, 103, 'ver12.3.5', '2016-08-19'),
(692, 25, 1, 'ver23.0.0.257', '2016-11-23'),
(693, 44, 1, 'ver24.0.0.180', '2016-12-14'),
(694, 8, 36, 'ver1.2.4.10', '2015-02-15'),
(695, 34, 60, 'ver0.91', '2015-02-08'),
(696, 59, 63, 'ver50.0.2', '0000-00-00'),
(697, 13, 81, 'ver2.36', '2016-05-17'),
(698, 37, 1, 'ver23.0.0.257', '2016-09-14'),
(699, 22, 64, 'ver42.0.2393.85', '0000-00-00'),
(700, 54, 1, 'ver23.0.0.257', '2016-09-14'),
(701, 58, 34, 'ver8.0.1120.15', '2016-11-07'),
(702, 14, 64, 'ver41.0.2353.46', '0000-00-00'),
(703, 73, 89, 'ver3.23.0.2', '0000-00-00'),
(704, 67, 88, 'ver2.2.4', '0000-00-00'),
(705, 59, 103, 'ver12.7.0', '2016-12-13'),
(706, 39, 36, 'ver1.1.9.13', '2014-08-16'),
(707, 55, 36, 'ver1.2.6.7', '2015-08-23'),
(708, 14, 34, 'ver7.0.670', '2014-10-09'),
(709, 35, 39, 'ver0.67', '2016-04-03'),
(710, 8, 70, 'ver5.1.41212.0', '2016-01-15'),
(711, 1, 46, 'ver23.0.0.207', '0000-00-00'),
(712, 53, 12, 'ver15.010.20060', '2016-04-03'),
(713, 66, 97, 'ver2.8.18', '2016-08-25'),
(714, 32, 11, 'ver4.94', '0000-00-00'),
(715, 11, 56, 'ver2.0.0.372', '0000-00-00'),
(716, 48, 62, 'ver7.28.101', '2016-09-24'),
(717, 31, 48, 'ver1.32.4066.7445', '2016-12-12'),
(718, 39, 54, 'ver1.4.1', '0000-00-00'),
(719, 22, 34, 'ver6.0.310', '2012-04-16'),
(720, 47, 36, 'ver1.2.6.7', '2015-07-24'),
(721, 67, 64, 'ver42.0.2393.85', '0000-00-00'),
(722, 43, 7, 'ver2.2.1', '0000-00-00'),
(723, 40, 28, 'ver6.9.2', '0000-00-00'),
(724, 25, 63, 'ver50.0', '0000-00-00'),
(725, 61, 83, 'ver3.9.141.259', '0000-00-00'),
(726, 15, 64, 'ver42.0.2393.85', '0000-00-00'),
(727, 56, 102, 'ver16.04', '0000-00-00'),
(728, 1, 57, 'ver5.1.5.2', '2016-09-22'),
(729, 73, 21, 'ver24.0.0.186', '0000-00-00'),
(730, 40, 22, 'ver4.5.7.6321', '2016-09-18'),
(731, 73, 30, 'ver2.1.2', '2016-04-23'),
(732, 15, 29, 'ver1.4.20', '2016-04-24'),
(733, 66, 74, 'ver4.0.9', '2016-05-01'),
(734, 51, 76, 'ver3.0', '0000-00-00'),
(735, 11, 86, 'ver2.5.8.0', '2016-11-04'),
(736, 34, 38, 'ver4', '2011-11-27'),
(737, 76, 34, 'ver8.0.1120.15', '2016-11-06'),
(738, 62, 70, 'ver5.1.50901.0', '2016-10-12'),
(739, 17, 76, 'ver3.0', '0000-00-00'),
(740, 65, 103, 'ver12.3.5', '2016-09-08'),
(741, 17, 27, 'ver6.7.0', '2011-08-09'),
(742, 29, 67, 'ver12.2.5.195', '0000-00-00'),
(743, 45, 22, 'ver4.5.7.6452', '2016-12-02'),
(744, 70, 42, 'ver2.4.1', '2016-12-05'),
(745, 17, 69, 'ver16.4.3528.0331', '2016-09-08'),
(746, 48, 24, 'ver24.0.0.186', '0000-00-00'),
(747, 29, 23, 'ver1.7.0.210', '2013-05-20'),
(748, 67, 46, 'ver24.0.0.186', '0000-00-00'),
(749, 23, 29, 'ver1.4.20', '2016-04-27'),
(750, 76, 34, 'ver7.0.800', '2016-03-22'),
(751, 20, 14, 'ver2.14.0', '2014-03-18'),
(752, 40, 103, 'ver12.3.5', '2016-08-30'),
(753, 40, 88, 'ver2.2.4', '0000-00-00'),
(754, 63, 24, 'ver23.0.0.207', '0000-00-00'),
(755, 43, 34, 'ver8.0.1110.14', '2016-11-12'),
(756, 56, 21, 'ver24.0.0.186', '0000-00-00'),
(757, 69, 84, 'ver10.7.144.0', '2015-03-12'),
(758, 16, 21, 'ver24.0.0.186', '0000-00-00'),
(759, 14, 30, 'ver2.0.6', '2014-10-14'),
(760, 26, 102, 'ver16.04.00.0', '2016-11-22'),
(761, 32, 22, 'ver4.5.7.6452', '2016-12-05'),
(762, 58, 42, 'ver2.4.1', '2016-12-05'),
(763, 20, 5, '', '0000-00-00'),
(764, 45, 75, 'ver5.9.3', '2016-12-02'),
(765, 45, 9, 'ver5.24', '0000-00-00'),
(766, 9, 22, 'ver4.5.7.6452', '2016-12-05'),
(767, 67, 87, 'ver55.0.2883.87', '2016-12-13'),
(768, 60, 9, 'ver5.24', '0000-00-00'),
(769, 21, 102, 'ver16.02', '0000-00-00'),
(770, 62, 34, 'ver8.0.1110.14', '2016-10-21'),
(771, 33, 7, 'ver2.2.1', '0000-00-00'),
(772, 39, 68, 'ver7.3.4.311', '2016-04-25'),
(773, 16, 42, 'ver2.4.1', '2016-11-30'),
(774, 16, 90, 'ver5.0.274.0', '2016-09-11'),
(775, 63, 28, 'ver7.2.1', '0000-00-00'),
(776, 56, 87, 'ver55.0.2883.87', '2016-11-23'),
(777, 34, 42, 'ver2.4.1', '2016-12-05'),
(778, 76, 67, 'ver12.2.5.195', '0000-00-00'),
(779, 60, 63, 'ver50.0', '0000-00-00'),
(780, 54, 14, 'ver2.14.0', '2013-04-07'),
(781, 14, 75, 'ver5.9.2', '2016-09-21'),
(782, 35, 9, 'ver5.24', '0000-00-00'),
(783, 27, 9, 'ver5.24', '0000-00-00'),
(784, 76, 12, 'ver15.020.20042', '2016-11-06'),
(785, 41, 81, 'ver2.36', '2016-08-20'),
(786, 9, 60, 'ver0.91', '2015-02-09'),
(787, 8, 17, 'ver1.22', '0000-00-00'),
(788, 63, 7, 'ver3.0.20.0', '2016-11-24'),
(789, 71, 97, 'ver2.8.18', '2016-08-19'),
(790, 16, 70, 'ver5.1.50901.0', '2016-10-12'),
(791, 39, 63, 'ver50.1.0', '0000-00-00'),
(792, 9, 87, 'ver55.0.2883.87', '2016-12-07'),
(793, 47, 51, '', '2014-08-15'),
(794, 75, 63, 'ver50.0.2', '0000-00-00'),
(795, 23, 76, 'ver3.0', '0000-00-00'),
(796, 38, 42, 'ver2.4.1', '2016-11-23'),
(797, 10, 72, 'ver2.0.103.0', '2016-10-11'),
(798, 59, 88, 'ver2.2.4', '0000-00-00'),
(799, 56, 103, 'ver12.6.0', '2016-11-23'),
(800, 38, 1, 'ver24.0.0.180', '2016-12-15'),
(801, 30, 70, 'ver5.1.50709.0', '2016-09-14'),
(802, 54, 70, 'ver5.1.50428.0', '2016-06-23'),
(803, 14, 48, 'ver1.32.3592.6117', '2016-11-06'),
(804, 39, 74, 'ver4.0.9', '2016-04-25'),
(805, 32, 53, 'ver11.0.18', '2016-11-03'),
(806, 52, 102, 'ver16.04', '0000-00-00'),
(807, 57, 46, 'ver24.0.0.186', '0000-00-00'),
(808, 71, 63, 'ver50.1.0', '0000-00-00'),
(809, 32, 60, 'ver0.91', '2016-11-03'),
(810, 43, 102, 'ver16.04.00.0', '2016-11-07'),
(811, 31, 21, 'ver23.0.0.207', '0000-00-00'),
(812, 38, 29, 'ver1.4.20', '2016-11-24'),
(813, 28, 86, 'ver2.5.8.0', '2014-02-07'),
(814, 18, 87, 'ver49.0.2623.112', '2010-11-19'),
(815, 48, 102, 'ver15.06', '0000-00-00'),
(816, 30, 46, 'ver23.0.0.205', '0000-00-00'),
(817, 63, 63, 'ver50.0', '0000-00-00'),
(818, 55, 49, 'ver7.1.7.2606', '2016-11-07'),
(819, 43, 39, 'ver0.67', '2016-04-11'),
(820, 47, 89, 'ver3.23.0.2', '0000-00-00'),
(821, 4, 97, 'ver2.8.18', '2016-11-23'),
(822, 17, 68, 'ver6.2.2.802', '2014-09-09'),
(823, 3, 38, 'ver4', '2012-02-14'),
(824, 21, 42, 'ver2.4.0', '2016-11-05'),
(825, 75, 46, 'ver23.0.0.185', '0000-00-00'),
(826, 67, 30, 'ver2.1.2', '2016-08-21'),
(827, 4, 19, 'ver4.42', '0000-00-00'),
(828, 42, 63, 'ver50.1.0', '0000-00-00'),
(829, 60, 19, 'ver4.42', '0000-00-00'),
(830, 71, 83, 'ver3.9.141.259', '0000-00-00'),
(831, 3, 46, 'ver24.0.0.186', '0000-00-00'),
(832, 39, 67, 'ver12.2.5.195', '0000-00-00'),
(833, 73, 74, 'ver4.0.10', '2016-08-20'),
(834, 8, 63, 'ver50.1.0', '0000-00-00'),
(835, 29, 34, 'ver8.0.1120.15', '2016-12-06'),
(836, 52, 67, 'ver12.2.5.195', '0000-00-00'),
(837, 62, 89, 'ver3.22.2.2', '0000-00-00'),
(838, 63, 81, 'ver2.39', '2016-11-23'),
(839, 47, 86, 'ver2.5.8.0', '2014-02-07'),
(840, 22, 68, 'ver8.0.2.805', '2016-08-19'),
(841, 44, 48, 'ver1.32.4066.7445', '2016-12-08'),
(842, 46, 63, 'ver50.0.2', '0000-00-00'),
(843, 45, 64, 'ver42.0.2393.85', '0000-00-00'),
(844, 76, 97, 'ver2.8.18', '2016-08-22'),
(845, 45, 67, 'ver12.2.5.195', '0000-00-00'),
(846, 56, 97, 'ver2.8.18', '2016-11-23'),
(847, 52, 34, 'ver8.0.1120.15', '2016-11-06'),
(848, 12, 48, 'ver1.32.3889.0961', '2016-11-22'),
(849, 59, 22, 'ver4.5.7.6452', '2016-12-02'),
(850, 23, 70, 'ver5.1.50901.0', '2016-10-17'),
(851, 54, 51, '', '2016-03-25'),
(852, 54, 81, 'ver2.38', '2016-11-05'),
(853, 35, 89, 'ver3.23.0.2', '0000-00-00'),
(854, 26, 56, 'ver2.0.0.372', '0000-00-00'),
(855, 39, 13, 'ver1.16', '0000-00-00'),
(856, 41, 1, 'ver23.0.0.257', '2016-09-14'),
(857, 23, 86, 'ver2.5.8.0', '2014-09-16'),
(858, 11, 60, 'ver0.91', '2016-11-03'),
(859, 14, 76, 'ver3.0', '0000-00-00'),
(860, 13, 63, 'ver50.0.2', '0000-00-00'),
(861, 20, 49, 'ver7.1.7.2606', '2016-10-17'),
(862, 60, 96, '', '2016-11-23'),
(863, 23, 67, 'ver12.2.5.195', '0000-00-00'),
(864, 9, 36, 'ver1.2.6.7', '2015-08-10'),
(865, 4, 68, 'ver8.1.1.1115', '2016-11-23'),
(866, 52, 90, 'ver5.0.286.0', '2016-11-06'),
(867, 71, 28, 'ver7.2.2', '0000-00-00'),
(868, 76, 68, 'ver7.3.4.311', '2016-04-25'),
(869, 35, 57, 'ver5.1.4.2', '2016-06-24'),
(870, 61, 19, 'ver4.42', '0000-00-00'),
(871, 74, 68, 'ver8.1.1.1115', '2016-12-09'),
(872, 31, 67, 'ver12.2.5.195', '0000-00-00'),
(873, 21, 29, 'ver1.4.20', '2016-05-09'),
(874, 44, 88, 'ver2.2.4', '0000-00-00'),
(875, 61, 22, 'ver4.5.7.6389', '2016-11-05'),
(876, 62, 30, 'ver2.1.2', '2016-03-09'),
(877, 48, 22, 'ver4.5.6.5844', '2015-09-09'),
(878, 39, 97, 'ver2.8.18', '2016-08-24'),
(879, 18, 34, 'ver7.0.800', '2016-11-22'),
(880, 20, 88, 'ver2.2.4', '0000-00-00'),
(881, 43, 81, 'ver2.39', '2016-11-12'),
(882, 1, 70, 'ver5.1.41212.0', '2016-01-13'),
(883, 43, 5, 'ver0.52.00.00', '2012-06-24'),
(884, 25, 75, 'ver5.9.2', '2016-11-23'),
(885, 34, 101, 'ver16.4.29', '0000-00-00'),
(886, 66, 14, 'ver2.14.0', '2016-05-01'),
(887, 55, 60, 'ver0.91', '2015-02-21'),
(888, 35, 83, 'ver3.9.141.259', '0000-00-00'),
(889, 41, 36, 'ver1.2.8.12', '2016-04-23'),
(890, 34, 28, 'ver7.2.2', '0000-00-00'),
(891, 60, 7, 'ver3.0.20.0', '2016-11-24'),
(892, 54, 21, 'ver23.0.0.207', '0000-00-00'),
(893, 11, 30, 'ver2.1.2', '2016-11-03'),
(894, 66, 85, 'ver0.7.0', '2016-05-03'),
(895, 31, 73, '', '0000-00-00'),
(896, 36, 62, 'ver7.30.105', '2016-11-23'),
(897, 16, 57, 'ver5.2.3.3', '2016-11-30'),
(898, 75, 88, 'ver2.1.2', '0000-00-00'),
(899, 59, 48, 'ver1.32.4066.7445', '2016-12-13'),
(900, 56, 24, 'ver24.0.0.186', '0000-00-00'),
(901, 71, 12, 'ver15.020.20042', '2016-11-06'),
(902, 9, 57, 'ver5.1.6.2', '2016-11-08'),
(903, 25, 34, 'ver8.0.1120.15', '2016-11-24'),
(904, 61, 34, 'ver8.0.1120.15', '2016-11-05'),
(905, 76, 103, 'ver12.1.0', '2016-04-25'),
(906, 13, 22, 'ver4.5.7.6452', '2016-12-06'),
(907, 42, 53, 'ver11.0.00', '2014-11-10'),
(908, 76, 14, 'ver2.14.0', '2013-05-16'),
(909, 61, 68, 'ver8.1.0.1013', '2016-11-05'),
(910, 50, 55, 'ver15.4.3508.1109', '0000-00-00'),
(911, 30, 87, 'ver49.0.2623.112', '2010-11-22'),
(912, 58, 97, 'ver2.8.18', '2016-09-02'),
(913, 55, 81, 'ver2.35', '2016-01-17'),
(914, 68, 34, 'ver8.0.1010.13', '2016-09-05'),
(915, 45, 14, 'ver2.14.0', '2015-06-25'),
(916, 52, 30, 'ver2.1.2', '2016-04-03'),
(917, 8, 65, 'ver4.9.9.2', '0000-00-00'),
(918, 41, 102, 'ver16.02', '0000-00-00'),
(919, 22, 83, 'ver3.9.141.259', '0000-00-00'),
(920, 21, 70, 'ver5.1.50901.0', '2016-10-12'),
(921, 47, 42, 'ver2.3.2', '2016-08-19'),
(922, 76, 87, 'ver54.0.2840.99', '2016-11-11'),
(923, 7, 88, 'ver2.2.4', '0000-00-00'),
(924, 56, 75, 'ver5.9.2', '2016-11-23'),
(925, 29, 74, 'ver4.0.10', '2016-09-10'),
(926, 12, 87, 'ver54.0.2840.99', '2016-11-14'),
(927, 45, 5, 'ver0.53.00.00', '2015-06-25'),
(928, 71, 87, 'ver55.0.2883.87', '2016-12-13'),
(929, 40, 57, 'ver5.0.4.2', '2016-02-07'),
(930, 14, 67, 'ver12.2.5.195', '0000-00-00'),
(931, 52, 81, 'ver2.38', '2016-11-06'),
(932, 67, 14, 'ver2.14.0', '2013-11-15'),
(933, 66, 67, 'ver12.2.5.195', '0000-00-00'),
(934, 29, 75, 'ver5.9.1', '2016-09-10'),
(935, 22, 30, 'ver2.1.2', '2016-01-21'),
(936, 36, 21, 'ver23.0.0.207', '0000-00-00'),
(937, 23, 39, 'ver0.67', '2016-04-08'),
(938, 61, 86, 'ver2.5.8.0', '2015-06-25'),
(939, 54, 17, 'ver1.27', '0000-00-00'),
(940, 24, 61, 'ver1617.1.0', '0000-00-00'),
(941, 11, 90, 'ver5.0.286.0', '2016-11-04'),
(942, 16, 1, 'ver24.0.0.180', '2016-12-14'),
(943, 13, 1, 'ver23.0.0.257', '2016-09-21'),
(944, 12, 70, 'ver5.1.50901.0', '2016-10-12'),
(945, 38, 34, 'ver8.0.1120.15', '2016-11-24'),
(946, 21, 28, 'ver7.2', '0000-00-00'),
(947, 31, 94, '', '0000-00-00'),
(948, 54, 55, 'ver16.4.3528.0331', '2014-07-25'),
(949, 8, 22, 'ver4.5.5.5642', '2015-06-11'),
(950, 52, 60, 'ver0.91', '2015-06-25'),
(951, 39, 75, 'ver5.9.3', '2016-12-13'),
(952, 14, 21, 'ver23.0.0.205', '0000-00-00'),
(953, 19, 40, 'ver6.0.0.1735', '2011-08-09'),
(954, 29, 68, 'ver8.0.2.805', '2016-09-10'),
(955, 34, 63, 'ver50.0.2', '0000-00-00'),
(956, 60, 12, 'ver15.020.20042', '2016-11-24'),
(957, 64, 88, 'ver2.2.4', '0000-00-00'),
(958, 62, 34, 'ver7.0.210', '2013-05-16'),
(959, 11, 95, 'ver14.0.23107', '2016-11-03'),
(960, 52, 39, 'ver0.67', '2016-04-11'),
(961, 76, 60, 'ver0.91', '2015-02-15'),
(962, 9, 51, '', '2014-11-03'),
(963, 40, 68, 'ver8.0.2.805', '2016-08-30'),
(964, 26, 68, 'ver5.1.3.1201', '2013-12-19'),
(965, 49, 55, 'ver15.4.3502.0922', '2011-01-06'),
(966, 13, 12, 'ver15.020.20042', '2016-11-05'),
(967, 41, 29, 'ver1.4.20', '2016-04-23'),
(968, 61, 30, 'ver2.1.2', '2016-08-19'),
(969, 71, 39, 'ver0.67', '2016-03-07'),
(970, 31, 97, 'ver2.8.18', '2016-07-20'),
(971, 65, 87, 'ver54.0.2840.99', '2016-09-08'),
(972, 64, 34, 'ver8.0.1110.14', '2016-10-28'),
(973, 34, 9, 'ver5.24', '0000-00-00'),
(974, 2, 46, 'ver24.0.0.186', '0000-00-00'),
(975, 38, 63, 'ver50.1.0', '0000-00-00'),
(976, 30, 67, 'ver12.2.5.195', '0000-00-00'),
(977, 8, 68, 'ver7.3.4.311', '2016-03-21'),
(978, 20, 34, 'ver7.0.800', '2016-04-04'),
(979, 33, 64, 'ver41.0.2353.69', '0000-00-00'),
(980, 15, 90, 'ver5.0.229.0', '2016-04-24'),
(981, 12, 1, 'ver23.0.0.257', '2016-09-20'),
(982, 65, 88, 'ver2.2.4', '0000-00-00'),
(983, 47, 81, 'ver2.36', '2016-05-22'),
(984, 43, 36, 'ver1.2.4.10', '2015-02-03'),
(985, 58, 49, 'ver7.1.7.2606', '2016-10-20'),
(986, 33, 36, 'ver1.2.4.10', '2015-02-14'),
(987, 16, 14, 'ver2.14.0', '2016-05-01'),
(988, 43, 88, 'ver2.2.4', '0000-00-00'),
(989, 68, 63, 'ver50.0.2', '0000-00-00'),
(990, 24, 42, 'ver2.4.0', '2016-11-07'),
(991, 40, 12, 'ver15.020.20042', '2016-11-08'),
(992, 24, 88, 'ver2.2.4', '0000-00-00'),
(993, 5, 46, 'ver22.0.0.209', '0000-00-00'),
(994, 25, 88, 'ver2.2.4', '0000-00-00'),
(995, 39, 76, 'ver3.0', '0000-00-00'),
(996, 39, 91, 'ver0.6.2', '2012-09-02'),
(997, 23, 30, 'ver2.1.0', '2015-07-07'),
(998, 28, 9, 'ver5.24', '0000-00-00'),
(999, 29, 85, 'ver0.5.4', '2013-10-05'),
(1000, 14, 34, 'ver8.0.1110.14', '2016-10-21'),
(1001, 24, 81, 'ver2.36', '2016-08-24'),
(1002, 49, 88, 'ver2.2.4', '0000-00-00'),
(1003, 31, 22, 'ver4.5.7.6452', '2016-12-12'),
(1004, 16, 39, 'ver0.67', '2016-05-01'),
(1005, 59, 19, 'ver4.42', '0000-00-00'),
(1006, 21, 30, 'ver2.0.6', '2014-11-06'),
(1007, 53, 103, 'ver12.0.5', '2016-04-03'),
(1008, 67, 83, 'ver3.9.141.259', '0000-00-00'),
(1009, 39, 56, 'ver2.0.0.372', '0000-00-00'),
(1010, 55, 57, 'ver5.1.6.2', '2016-11-07'),
(1011, 50, 1, 'ver23.0.0.257', '2016-09-15'),
(1012, 57, 82, 'ver15.4.3502.0922', '2011-07-21'),
(1013, 29, 64, 'ver41.0.2353.69', '0000-00-00'),
(1014, 31, 86, 'ver2.5.8.0', '2014-04-22'),
(1015, 26, 63, 'ver50.1.0', '0000-00-00'),
(1016, 16, 75, 'ver5.9.3', '2016-12-12'),
(1017, 24, 1, 'ver23.0.0.257', '2016-09-14'),
(1018, 70, 34, 'ver8.0.1120.15', '2016-10-31'),
(1019, 32, 88, 'ver2.2.4', '0000-00-00'),
(1020, 24, 64, 'ver42.0.2393.85', '0000-00-00'),
(1021, 31, 57, 'ver5.2.0.4', '2016-08-24'),
(1022, 60, 42, 'ver2.4.1', '2016-11-23'),
(1023, 54, 85, 'ver0.5.10', '2014-07-25'),
(1024, 38, 28, 'ver7.2.2', '0000-00-00'),
(1025, 26, 53, 'ver11.0.18', '2016-10-13'),
(1026, 8, 22, 'ver4.5.7.6452', '2016-12-05'),
(1027, 58, 19, 'ver4.42', '0000-00-00'),
(1028, 39, 5, 'ver0.53.00.00', '2012-09-02'),
(1029, 32, 28, 'ver7.2.2', '0000-00-00'),
(1030, 71, 49, 'ver7.1.7.2606', '2016-11-18'),
(1031, 60, 57, 'ver5.2.3.3', '2016-11-23'),
(1032, 23, 75, 'ver5.9.2', '2016-11-12'),
(1033, 32, 87, 'ver55.0.2883.75', '2016-12-09'),
(1034, 28, 75, 'ver5.9.3', '2016-12-04'),
(1035, 60, 85, 'ver0.7.6', '2016-11-24'),
(1036, 70, 85, 'ver0.5.7', '2014-02-23'),
(1037, 54, 64, 'ver41.0.2353.69', '0000-00-00'),
(1038, 34, 57, 'ver5.2.3.3', '2016-11-05'),
(1039, 20, 9, 'ver5.24', '0000-00-00'),
(1040, 46, 88, 'ver2.2.4', '0000-00-00'),
(1041, 20, 30, 'ver2.1.0', '2015-08-10'),
(1042, 58, 22, 'ver4.5.7.6452', '2016-12-05'),
(1043, 22, 71, 'ver0.8.b3', '2012-01-05'),
(1044, 23, 97, 'ver2.8.18', '2016-08-10'),
(1045, 1, 34, 'ver8.0.1020.14', '2016-10-03'),
(1046, 13, 22, 'ver4.5.7.6282', '2016-08-30'),
(1047, 8, 21, 'ver23.0.0.207', '0000-00-00'),
(1048, 54, 9, 'ver5.24', '0000-00-00'),
(1049, 73, 22, 'ver4.5.7.6321', '2016-09-08'),
(1050, 28, 49, 'ver7.1.7.2606', '2016-11-05'),
(1051, 16, 103, 'ver12.3.5', '2016-08-19'),
(1052, 41, 30, 'ver2.1.2', '2016-04-23'),
(1053, 22, 25, 'ver12.0.6612.1000', '2016-11-30'),
(1054, 33, 63, 'ver50.0.2', '0000-00-00'),
(1055, 9, 102, 'ver16.04.00.0', '2016-11-08'),
(1056, 66, 29, 'ver1.4.20', '2016-05-03'),
(1057, 14, 9, 'ver5.22', '0000-00-00'),
(1058, 52, 103, 'ver12.5.0', '2016-11-06'),
(1059, 34, 22, 'ver4.5.7.6452', '2016-12-05'),
(1060, 24, 67, 'ver12.2.5.195', '0000-00-00'),
(1061, 29, 103, 'ver12.3.5', '2016-09-10'),
(1062, 55, 39, 'ver0.67', '2016-04-11'),
(1063, 71, 68, 'ver8.0.2.805', '2016-08-19'),
(1064, 16, 49, 'ver7.1.7.2606', '2016-11-03'),
(1065, 57, 55, 'ver15.4.3508.1109', '0000-00-00'),
(1066, 19, 76, 'ver3.0', '0000-00-00'),
(1067, 38, 48, 'ver1.32.4066.7445', '2016-12-15'),
(1068, 34, 83, 'ver3.9.141.259', '0000-00-00'),
(1069, 67, 34, 'ver8.0.1120.15', '2016-12-05'),
(1070, 71, 74, 'ver4.0.10', '2016-08-19'),
(1071, 23, 28, 'ver7.2.2', '0000-00-00'),
(1072, 16, 29, 'ver1.4.20', '2016-05-03'),
(1073, 32, 24, 'ver23.0.0.207', '0000-00-00'),
(1074, 17, 40, 'ver6.0.0.1735', '2011-08-09'),
(1075, 22, 63, 'ver50.1.0', '0000-00-00'),
(1076, 76, 22, 'ver4.5.7.6452', '2016-12-04'),
(1077, 11, 89, 'ver3.23.0.2', '0000-00-00'),
(1078, 62, 60, 'ver0.91', '2015-02-15'),
(1079, 63, 21, 'ver23.0.0.207', '0000-00-00'),
(1080, 72, 68, 'ver8.0.2.805', '2016-08-26'),
(1081, 31, 76, 'ver3.0', '0000-00-00'),
(1082, 27, 68, 'ver5.1.3.1201', '2012-01-18'),
(1083, 9, 64, 'ver42.0.2393.85', '0000-00-00'),
(1084, 22, 69, 'ver16.4.3528.0331', '2016-03-21'),
(1085, 44, 97, 'ver2.8.18', '2016-08-03'),
(1086, 60, 78, 'ver3.3.1', '2016-11-24'),
(1087, 62, 48, 'ver1.32.3592.6117', '2016-11-06'),
(1088, 73, 36, 'ver1.2.8.12', '2016-04-23'),
(1089, 2, 2, 'ver5.9', '0000-00-00'),
(1090, 40, 42, 'ver2.3.2', '2016-08-30'),
(1091, 69, 2, 'ver4.6', '0000-00-00'),
(1092, 22, 88, 'ver2.2.4', '0000-00-00'),
(1093, 59, 5, 'ver0.53.00.00', '2015-09-12'),
(1094, 32, 85, 'ver0.7.6', '2016-11-04'),
(1095, 34, 68, 'ver8.1.0.1013', '2016-11-05'),
(1096, 39, 7, 'ver2.2.1', '0000-00-00'),
(1097, 3, 76, 'ver3.0', '0000-00-00'),
(1098, 11, 78, 'ver3.3.1', '2016-11-04'),
(1099, 23, 91, 'ver0.6.2', '2012-11-02'),
(1100, 73, 64, 'ver42.0.2393.85', '0000-00-00'),
(1101, 35, 97, 'ver2.8.18', '2016-08-03'),
(1102, 47, 48, 'ver1.32.3889.0961', '2016-11-22'),
(1103, 67, 101, 'ver16.4.29', '0000-00-00'),
(1104, 22, 48, 'ver1.32.4066.7445', '2016-12-14'),
(1105, 69, 68, 'ver7.0.3.916', '2014-10-15'),
(1106, 43, 5, 'ver0.53.00.00', '2013-08-26'),
(1107, 22, 87, 'ver55.0.2883.87', '2016-12-07'),
(1108, 34, 34, 'ver8.0.1120.15', '2016-10-31'),
(1109, 12, 86, 'ver2.5.8.0', '2014-08-15'),
(1110, 53, 96, '', '2016-04-06'),
(1111, 20, 57, 'ver5.2.3.3', '2016-12-05'),
(1112, 41, 48, 'ver1.32.3889.0961', '2016-11-22'),
(1113, 19, 62, 'ver7.30.105', '2016-11-23'),
(1114, 11, 46, 'ver24.0.0.186', '0000-00-00'),
(1115, 60, 64, 'ver41.0.2353.69', '0000-00-00'),
(1116, 28, 103, 'ver12.3.5', '2016-08-19'),
(1117, 70, 102, 'ver16.02', '0000-00-00'),
(1118, 41, 51, '', '2014-12-01'),
(1119, 53, 97, 'ver2.8.16', '2016-04-03'),
(1120, 25, 67, 'ver12.2.5.195', '0000-00-00'),
(1121, 70, 1, 'ver23.0.0.257', '2016-09-15'),
(1122, 23, 88, 'ver2.2.4', '0000-00-00'),
(1123, 29, 64, 'ver12.17.1863', '0000-00-00'),
(1124, 20, 7, 'ver2.2.2', '2014-03-18'),
(1125, 76, 83, 'ver3.9.141.259', '0000-00-00'),
(1126, 35, 12, 'ver15.020.20042', '2016-11-07'),
(1127, 44, 86, 'ver2.5.8.0', '2016-11-12'),
(1128, 4, 67, 'ver12.2.5.195', '0000-00-00'),
(1129, 32, 9, 'ver5.24', '0000-00-00'),
(1130, 33, 1, 'ver24.0.0.180', '2016-12-16'),
(1131, 62, 21, 'ver23.0.0.205', '0000-00-00'),
(1132, 33, 78, 'ver3.2.2', '0000-00-00'),
(1133, 67, 89, 'ver3.23.0.2', '0000-00-00'),
(1134, 67, 12, 'ver15.020.20042', '2016-11-07'),
(1135, 59, 74, 'ver4.0.13', '2016-12-13'),
(1136, 45, 63, 'ver50.1.0', '0000-00-00'),
(1137, 25, 85, 'ver0.7.6', '2016-11-24'),
(1138, 70, 22, 'ver4.5.7.6452', '2016-12-05'),
(1139, 4, 12, 'ver15.020.20042', '2016-11-24'),
(1140, 48, 87, 'ver55.0.2883.87', '2015-09-09'),
(1141, 58, 46, 'ver23.0.0.207', '0000-00-00'),
(1142, 32, 48, 'ver1.32.3889.0961', '2016-12-02'),
(1143, 43, 63, 'ver50.1.0', '0000-00-00'),
(1144, 33, 87, 'ver55.0.2883.87', '2016-11-14'),
(1145, 9, 19, 'ver4.42', '0000-00-00'),
(1146, 52, 1, 'ver23.0.0.257', '2016-09-15'),
(1147, 41, 57, 'ver5.2.3.3', '2016-11-16'),
(1148, 32, 34, 'ver8.0.1120.15', '2016-11-03'),
(1149, 73, 5, '', '0000-00-00'),
(1150, 16, 60, 'ver0.91', '2016-08-19'),
(1151, 15, 85, 'ver0.5.7', '2014-02-19'),
(1152, 39, 12, 'ver15.020.20042', '2016-11-07'),
(1153, 43, 28, 'ver7.2.2', '0000-00-00'),
(1154, 52, 63, 'ver50.0', '0000-00-00'),
(1155, 69, 46, 'ver24.0.0.186', '0000-00-00'),
(1156, 13, 36, 'ver1.2.6.7', '2015-06-25'),
(1157, 32, 25, 'ver12.0.6612.1000', '2016-12-05'),
(1158, 21, 78, 'ver3.2.2', '0000-00-00'),
(1159, 23, 89, 'ver3.23.0.2', '0000-00-00'),
(1160, 74, 53, 'ver10.1.16', '2016-08-24'),
(1161, 62, 90, 'ver5.0.286.0', '2016-11-06'),
(1162, 9, 88, 'ver2.2.4', '0000-00-00'),
(1163, 59, 45, 'ver1.0.189', '2015-09-21'),
(1164, 73, 90, 'ver5.0.229.0', '2016-04-23'),
(1165, 20, 46, 'ver24.0.0.186', '0000-00-00'),
(1166, 31, 29, 'ver1.4.20', '2016-06-03'),
(1167, 25, 97, 'ver2.8.18', '2016-11-23'),
(1168, 10, 88, 'ver2.2.4', '0000-00-00'),
(1169, 66, 88, 'ver2.2.4', '0000-00-00'),
(1170, 56, 46, 'ver24.0.0.186', '0000-00-00'),
(1171, 38, 24, 'ver24.0.0.186', '0000-00-00'),
(1172, 70, 64, 'ver12.16.1860', '0000-00-00'),
(1173, 66, 57, 'ver5.1.6.2', '2016-12-05'),
(1174, 5, 9, 'ver3.24', '2012-11-06'),
(1175, 70, 53, 'ver11.0.18', '2016-10-31'),
(1176, 62, 29, 'ver1.4.20', '2016-11-06'),
(1177, 48, 70, 'ver5.1.50901.0', '2016-10-19'),
(1178, 22, 23, 'ver8.0.250.18', '2014-10-27'),
(1179, 59, 102, 'ver15.12', '0000-00-00'),
(1180, 24, 87, 'ver53.0.2785.116', '2016-09-19'),
(1181, 22, 34, 'ver7.0.670', '2014-08-08'),
(1182, 61, 87, 'ver54.0.2840.87', '2016-11-05'),
(1183, 54, 35, 'ver12.0.31101', '0000-00-00'),
(1184, 33, 46, 'ver24.0.0.186', '0000-00-00'),
(1185, 67, 34, 'ver7.0.800', '2016-04-06'),
(1186, 47, 67, 'ver12.2.5.195', '0000-00-00'),
(1187, 58, 39, 'ver0.67', '2016-04-11'),
(1188, 33, 22, 'ver4.5.7.6452', '2016-12-05'),
(1189, 21, 34, 'ver8.0.1120.15', '2016-11-05'),
(1190, 61, 39, 'ver0.67', '2016-04-10'),
(1191, 34, 64, 'ver41.0.2353.69', '0000-00-00'),
(1192, 66, 48, 'ver1.32.3889.0961', '2016-11-23'),
(1193, 28, 34, 'ver8.0.1120.15', '2016-11-05'),
(1194, 31, 70, 'ver5.1.50901.0', '2016-10-12'),
(1195, 13, 75, 'ver5.9.3', '2016-12-06'),
(1196, 69, 21, 'ver24.0.0.186', '0000-00-00'),
(1197, 73, 57, 'ver5.2.1.2', '2016-09-12'),
(1198, 6, 46, 'ver24.0.0.186', '0000-00-00'),
(1199, 24, 28, 'ver7.2.2', '0000-00-00'),
(1200, 33, 21, 'ver24.0.0.186', '0000-00-00'),
(1201, 57, 55, 'ver15.4.3502.0922', '2011-07-21'),
(1202, 56, 89, 'ver3.23.0.2', '0000-00-00'),
(1203, 55, 102, 'ver16.02.00.0', '2016-09-05'),
(1204, 23, 34, 'ver8.0.1110.14', '2016-11-12'),
(1205, 34, 89, 'ver3.23.0.2', '0000-00-00'),
(1206, 43, 1, 'ver24.0.0.180', '2016-12-14');
INSERT INTO `telepites` (`id`, `gepid`, `szoftverid`, `verzio`, `datum`) VALUES
(1207, 14, 28, 'ver7.2', '0000-00-00'),
(1208, 9, 9, 'ver5.24', '0000-00-00'),
(1209, 21, 5, 'ver0.53.00.00', '2013-05-20'),
(1210, 43, 22, 'ver4.5.7.6389', '2016-11-07'),
(1211, 3, 88, 'ver2.2.4', '0000-00-00'),
(1212, 63, 29, 'ver1.4.20', '2016-11-24'),
(1213, 36, 88, 'ver2.2.4', '0000-00-00'),
(1214, 23, 30, 'ver2.1.2', '2016-03-22'),
(1215, 20, 74, 'ver4.0.6', '2015-08-10'),
(1216, 21, 64, 'ver12.17.1863', '0000-00-00'),
(1217, 24, 21, 'ver24.0.0.186', '0000-00-00'),
(1218, 55, 28, 'ver7.2.1', '0000-00-00'),
(1219, 47, 101, 'ver15.4.22', '0000-00-00'),
(1220, 25, 96, '', '2016-11-23'),
(1221, 24, 34, 'ver8.0.1020.14', '2016-09-21'),
(1222, 20, 85, 'ver0.5.7', '2014-03-18'),
(1223, 19, 55, 'ver16.4.3528.0331', '2016-09-02'),
(1224, 19, 21, 'ver23.0.0.207', '0000-00-00'),
(1225, 22, 21, 'ver24.0.0.186', '0000-00-00'),
(1226, 45, 22, 'ver4.5.5.5666', '2015-06-25'),
(1227, 39, 14, 'ver2.14.0', '2013-04-07'),
(1228, 29, 60, 'ver0.48.5', '0000-00-00'),
(1229, 54, 30, 'ver2.1.2', '2016-03-29'),
(1230, 40, 102, 'ver16.02', '0000-00-00'),
(1231, 8, 46, 'ver23.0.0.207', '0000-00-00'),
(1232, 56, 19, 'ver4.42', '0000-00-00'),
(1233, 36, 70, 'ver5.1.50901.0', '2016-10-12'),
(1234, 3, 44, 'ver1.0.0', '0000-00-00'),
(1235, 66, 30, 'ver2.1.2', '2016-05-01'),
(1236, 71, 34, 'ver8.0.1120.15', '2016-11-18'),
(1237, 29, 38, 'ver4', '2013-10-05'),
(1238, 54, 46, 'ver23.0.0.207', '0000-00-00'),
(1239, 18, 70, 'ver5.1.50709.0', '2016-09-23'),
(1240, 59, 42, 'ver2.4.1', '2016-12-02'),
(1241, 12, 9, 'ver5.24', '0000-00-00'),
(1242, 56, 85, 'ver0.7.6', '2016-11-24'),
(1243, 58, 89, 'ver3.22.2.2', '0000-00-00'),
(1244, 24, 75, 'ver5.9.2', '2016-09-16'),
(1245, 12, 14, 'ver2.14.0', '2013-08-25'),
(1246, 3, 63, 'ver50.1.0', '0000-00-00'),
(1247, 63, 42, 'ver2.4.1', '2016-11-23'),
(1248, 62, 64, 'ver41.0.2353.46', '0000-00-00'),
(1249, 40, 1, 'ver23.0.0.257', '2016-09-18'),
(1250, 31, 9, 'ver5.24', '0000-00-00'),
(1251, 72, 2, 'ver5.7', '0000-00-00'),
(1252, 54, 67, 'ver12.2.5.195', '0000-00-00'),
(1253, 8, 102, 'ver16.04.00.0', '2016-10-28'),
(1254, 54, 68, 'ver8.1.1.1115', '2016-11-21'),
(1255, 13, 86, 'ver2.5.8.0', '2015-06-25'),
(1256, 31, 5, '', '0000-00-00'),
(1257, 45, 90, 'ver5.0.274.0', '2016-09-11'),
(1258, 42, 21, 'ver24.0.0.186', '0000-00-00'),
(1259, 22, 14, 'ver2.14.0', '2013-04-27'),
(1260, 36, 55, 'ver15.4.3502.0922', '2011-07-21'),
(1261, 47, 68, 'ver8.0.2.805', '2016-08-19'),
(1262, 28, 46, 'ver23.0.0.207', '0000-00-00'),
(1263, 53, 90, 'ver5.0.214.0', '2016-04-06'),
(1264, 16, 68, 'ver8.0.2.805', '2016-08-19'),
(1265, 11, 81, 'ver2.38', '2016-11-03'),
(1266, 21, 38, 'ver4', '2013-10-05'),
(1267, 67, 28, 'ver7.2.2', '0000-00-00'),
(1268, 47, 64, 'ver41.0.2353.69', '0000-00-00'),
(1269, 67, 81, 'ver2.36', '2016-08-21'),
(1270, 5, 90, 'ver5.0.212.0', '2016-03-09'),
(1271, 61, 11, 'ver4.94', '0000-00-00'),
(1272, 8, 30, 'ver2.1.2', '2016-04-25'),
(1273, 9, 97, 'ver2.8.18', '2016-08-24'),
(1274, 8, 34, 'ver8.0.1120.15', '2016-10-28'),
(1275, 25, 39, 'ver0.67', '2016-11-23'),
(1276, 45, 28, 'ver7.2.2', '0000-00-00'),
(1277, 66, 28, 'ver7.2.2', '0000-00-00'),
(1278, 22, 9, 'ver5.24', '0000-00-00'),
(1279, 50, 53, 'ver10.1.16', '2016-08-25'),
(1280, 29, 19, 'ver4.42', '0000-00-00'),
(1281, 44, 57, 'ver5.2.3.3', '2016-11-12'),
(1282, 38, 30, 'ver2.1.2', '2016-11-23'),
(1283, 61, 97, 'ver2.8.18', '2016-08-19'),
(1284, 28, 5, '', '0000-00-00'),
(1285, 13, 97, 'ver2.8.18', '2016-08-30'),
(1286, 37, 84, 'ver10.7.144.0', '2014-10-16'),
(1287, 33, 102, 'ver16.04.00.0', '2016-12-05'),
(1288, 9, 1, 'ver24.0.0.180', '2016-12-14'),
(1289, 23, 87, 'ver55.0.2883.75', '2016-12-09'),
(1290, 4, 24, 'ver24.0.0.186', '0000-00-00'),
(1291, 21, 1, 'ver23.0.0.257', '2016-09-15'),
(1292, 18, 62, 'ver5.8.158', '2012-03-22'),
(1293, 71, 1, 'ver24.0.0.180', '2016-12-14'),
(1294, 41, 68, 'ver8.0.2.805', '2016-08-20'),
(1295, 71, 81, 'ver2.36', '2016-08-19'),
(1296, 47, 90, 'ver5.0.229.0', '2016-04-24'),
(1297, 62, 65, 'ver4.9.9.2', '0000-00-00'),
(1298, 12, 90, 'ver5.0.268.0', '2016-08-20'),
(1299, 53, 102, 'ver15.14', '0000-00-00'),
(1300, 3, 27, 'ver6.7.0', '2011-08-09'),
(1301, 60, 28, 'ver7.2.1', '0000-00-00'),
(1302, 54, 80, 'ver2.0.2', '2012-09-02'),
(1303, 14, 39, 'ver0.67', '2016-04-08'),
(1304, 53, 87, 'ver49.0.2623.112', '2016-04-03'),
(1305, 52, 12, 'ver15.020.20042', '2016-11-06'),
(1306, 51, 34, 'ver8.0.1110.14', '2016-10-20'),
(1307, 25, 60, 'ver0.91', '2016-11-23'),
(1308, 9, 34, 'ver8.0.1120.15', '2016-11-08'),
(1309, 23, 81, 'ver2.36', '2016-08-24'),
(1310, 71, 60, 'ver0.91', '2016-08-19'),
(1311, 12, 94, '', '0000-00-00'),
(1312, 28, 83, 'ver3.9.141.259', '0000-00-00'),
(1313, 47, 22, 'ver4.5.7.6282', '2016-08-19'),
(1314, 44, 12, 'ver15.020.20042', '2016-11-07'),
(1315, 62, 76, 'ver3.0', '0000-00-00'),
(1316, 52, 28, 'ver7.2.1', '0000-00-00'),
(1317, 12, 75, 'ver5.9.3', '2016-12-05'),
(1318, 16, 74, 'ver4.0.11', '2016-09-11'),
(1319, 28, 89, 'ver3.22.2.2', '0000-00-00'),
(1320, 16, 34, 'ver8.0.1120.15', '2016-11-03'),
(1321, 48, 28, 'ver7', '0000-00-00'),
(1322, 14, 14, 'ver2.14.0', '2013-05-16'),
(1323, 38, 96, '', '2016-11-23'),
(1324, 21, 19, 'ver4.42', '0000-00-00'),
(1325, 53, 36, 'ver1.2.8.12', '2016-04-03'),
(1326, 44, 81, 'ver2.39', '2016-11-12'),
(1327, 15, 9, 'ver5.23', '0000-00-00'),
(1328, 54, 102, 'ver16.04', '0000-00-00'),
(1329, 40, 83, 'ver3.9.141.259', '0000-00-00'),
(1330, 48, 64, 'ver41.0.2353.69', '0000-00-00'),
(1331, 71, 46, 'ver24.0.0.186', '0000-00-00'),
(1332, 69, 56, 'ver2.0.0.372', '0000-00-00'),
(1333, 74, 72, 'ver2.0.103.0', '2014-03-04'),
(1334, 52, 36, 'ver1.2.6.7', '2015-06-25'),
(1335, 63, 64, 'ver41.0.2353.69', '0000-00-00'),
(1336, 76, 7, 'ver2.2.2', '2013-05-16'),
(1337, 32, 96, '', '2016-11-04'),
(1338, 34, 1, 'ver23.0.0.257', '2016-09-14'),
(1339, 63, 68, 'ver8.1.1.1115', '2016-11-23'),
(1340, 76, 89, 'ver3.22.2.2', '0000-00-00'),
(1341, 21, 22, 'ver4.5.7.6389', '2016-11-05'),
(1342, 51, 40, 'ver6.0.0.1735', '2011-08-09'),
(1343, 9, 102, 'ver9.20', '0000-00-00'),
(1344, 76, 9, 'ver5.24', '0000-00-00'),
(1345, 12, 91, 'ver0.6.2', '2012-11-02'),
(1346, 66, 34, 'ver8.0.1120.15', '2016-12-05'),
(1347, 15, 96, '', '2014-02-07'),
(1348, 23, 102, 'ver16.02', '0000-00-00'),
(1349, 71, 22, 'ver4.5.7.6452', '2016-12-06'),
(1350, 62, 28, 'ver7.2', '0000-00-00'),
(1351, 58, 67, 'ver12.2.5.195', '0000-00-00'),
(1352, 13, 90, 'ver5.0.274.0', '2016-09-11'),
(1353, 12, 80, 'ver2.0.2', '2012-11-02'),
(1354, 76, 36, 'ver1.2.4.10', '2015-02-15'),
(1355, 16, 67, 'ver12.2.5.195', '0000-00-00'),
(1356, 4, 88, 'ver2.2.4', '0000-00-00'),
(1357, 60, 1, 'ver23.0.0.257', '2016-11-23'),
(1358, 11, 96, '', '2016-11-04'),
(1359, 28, 29, 'ver1.4.20', '2016-04-24'),
(1360, 24, 22, 'ver4.5.4.5306', '2015-02-04'),
(1361, 14, 57, 'ver5.2.3.3', '2016-11-06'),
(1362, 62, 74, 'ver4.0.12', '2016-11-06'),
(1363, 19, 69, 'ver16.4.3528.0331', '2016-09-02'),
(1364, 67, 57, 'ver5.2.3.3', '2016-12-05'),
(1365, 13, 74, 'ver4.0.10', '2016-08-30'),
(1366, 61, 49, 'ver7.1.7.2606', '2016-11-05'),
(1367, 16, 89, 'ver3.23.0.2', '0000-00-00'),
(1368, 32, 42, 'ver2.4.1', '2016-12-05'),
(1369, 59, 102, 'ver16.04.00.0', '2016-10-11'),
(1370, 14, 68, 'ver8.1.0.1013', '2016-11-06'),
(1371, 43, 103, 'ver12.5.5', '2016-11-12'),
(1372, 22, 103, 'ver12.3.5', '2016-08-19'),
(1373, 20, 84, 'ver11.1.1209.0', '2014-09-09'),
(1374, 20, 29, 'ver1.4.20', '2016-04-25'),
(1375, 48, 34, 'ver8.0.1020.14', '2016-09-24'),
(1376, 54, 103, 'ver12.5.0', '2016-11-05'),
(1377, 4, 9, 'ver5.25', '0000-00-00'),
(1378, 71, 64, 'ver42.0.2393.85', '0000-00-00'),
(1379, 63, 96, '', '2016-11-23'),
(1380, 56, 42, 'ver2.4.1', '2016-11-23'),
(1381, 28, 102, 'ver16.02', '0000-00-00'),
(1382, 58, 81, 'ver2.36', '2016-09-02'),
(1383, 21, 30, 'ver2.1.2', '2016-03-21'),
(1384, 24, 70, 'ver5.1.41212.0', '2016-01-13'),
(1385, 8, 28, 'ver7.2.2', '0000-00-00'),
(1386, 31, 78, 'ver3.1.2', '0000-00-00'),
(1387, 13, 102, 'ver16.02', '0000-00-00'),
(1388, 9, 39, 'ver0.67', '2016-04-08'),
(1389, 29, 63, 'ver50.0', '0000-00-00'),
(1390, 44, 42, 'ver2.4.1', '2016-12-02'),
(1391, 51, 19, 'ver4.38', '0000-00-00'),
(1392, 27, 2, 'ver4.6', '0000-00-00'),
(1393, 24, 102, 'ver16.03.00.0', '2016-09-30'),
(1394, 55, 70, 'ver5.1.50901.0', '2016-10-12'),
(1395, 66, 68, 'ver7.3.4.311', '2016-05-01'),
(1396, 29, 46, 'ver23.0.0.207', '0000-00-00'),
(1397, 58, 9, 'ver5.24', '0000-00-00'),
(1398, 9, 49, 'ver7.1.7.2606', '2016-11-08'),
(1399, 55, 12, 'ver15.020.20042', '2016-11-08'),
(1400, 16, 51, '', '2016-05-03'),
(1401, 62, 87, 'ver54.0.2840.87', '2016-11-06'),
(1402, 69, 72, 'ver2.0.103.0', '2014-03-04'),
(1403, 52, 75, 'ver5.9.2', '2016-09-19'),
(1404, 11, 70, 'ver5.1.50901.0', '2016-11-04'),
(1405, 29, 96, '', '2013-05-25'),
(1406, 58, 103, 'ver12.3.5', '2016-09-02'),
(1407, 68, 53, 'ver10.1.16', '2016-09-06'),
(1408, 52, 88, 'ver2.2.4', '0000-00-00'),
(1409, 32, 20, 'ver2.78.1', '2016-11-03'),
(1410, 47, 29, 'ver1.4.20', '2016-04-24'),
(1411, 4, 30, 'ver2.1.2', '2016-11-23'),
(1412, 50, 90, 'ver5.0.212.0', '2016-03-10'),
(1413, 55, 46, 'ver23.0.0.207', '0000-00-00'),
(1414, 62, 85, 'ver0.5.4', '2013-05-16'),
(1415, 47, 14, 'ver2.14.0', '2015-02-05'),
(1416, 8, 89, 'ver3.23.0.2', '0000-00-00'),
(1417, 12, 96, '', '2014-08-18'),
(1418, 59, 34, 'ver8.0.1120.15', '2016-11-07'),
(1419, 44, 102, 'ver16.04.00.0', '2016-11-07'),
(1420, 14, 65, 'ver4.9.9.2', '0000-00-00'),
(1421, 1, 84, 'ver10.7.144.0', '2015-02-26'),
(1422, 41, 63, 'ver50.0.2', '0000-00-00'),
(1423, 61, 48, 'ver1.32.3592.6117', '2016-11-05'),
(1424, 15, 36, 'ver1.2.8.12', '2016-04-24'),
(1425, 73, 63, 'ver50.1.0', '0000-00-00'),
(1426, 41, 42, 'ver2.4.1', '2016-12-05'),
(1427, 17, 34, 'ver6.0.450', '2016-09-07'),
(1428, 16, 7, 'ver3.0.20.0', '2016-05-03'),
(1429, 33, 97, 'ver2.8.18', '2016-08-21'),
(1430, 16, 64, 'ver42.0.2393.85', '0000-00-00'),
(1431, 22, 86, 'ver2.5.8.0', '2014-03-18'),
(1432, 11, 9, 'ver5.24', '0000-00-00'),
(1433, 59, 9, 'ver5.24', '0000-00-00'),
(1434, 61, 44, 'ver1.0.0', '0000-00-00'),
(1435, 24, 90, 'ver5.0.286.0', '2016-11-12'),
(1436, 67, 49, 'ver7.1.7.2606', '2016-11-23'),
(1437, 40, 23, 'ver8.0.250.18', '2014-12-04'),
(1438, 28, 96, '', '2014-09-06'),
(1439, 68, 46, 'ver24.0.0.186', '0000-00-00'),
(1440, 11, 42, 'ver2.4.1', '2016-12-01'),
(1441, 66, 103, 'ver12.1.0', '2016-05-01'),
(1442, 65, 28, 'ver6.9.2', '0000-00-00'),
(1443, 73, 87, 'ver55.0.2883.87', '2016-12-14'),
(1444, 16, 46, 'ver24.0.0.186', '0000-00-00'),
(1445, 28, 38, 'ver4', '2014-02-12'),
(1446, 66, 51, '', '2016-05-03'),
(1447, 33, 96, '', '2014-08-31'),
(1448, 60, 88, 'ver2.2.4', '0000-00-00'),
(1449, 66, 102, 'ver16.02.00.0', '2016-09-14'),
(1450, 67, 5, '', '0000-00-00'),
(1451, 67, 102, 'ver16.02', '0000-00-00'),
(1452, 58, 102, 'ver16.02', '0000-00-00'),
(1453, 76, 19, 'ver4.42', '0000-00-00'),
(1454, 45, 19, 'ver4.42', '0000-00-00'),
(1455, 73, 29, 'ver1.4.20', '2016-04-23'),
(1456, 45, 103, 'ver12.3.5', '2016-09-11'),
(1457, 33, 60, 'ver0.91', '2015-02-14'),
(1458, 56, 64, 'ver42.0.2393.85', '0000-00-00'),
(1459, 76, 74, 'ver4.0.9', '2016-04-25'),
(1460, 58, 87, 'ver66.198.99', '2016-11-11'),
(1461, 3, 40, 'ver6.0.0.1735', '2011-08-09'),
(1462, 55, 102, 'ver15.14', '0000-00-00'),
(1463, 54, 96, '', '2015-08-25'),
(1464, 15, 21, 'ver24.0.0.186', '0000-00-00'),
(1465, 74, 9, 'ver5.24', '0000-00-00'),
(1466, 20, 86, 'ver2.5.8.0', '2014-03-18'),
(1467, 31, 90, 'ver4.2.56.0', '2013-08-27'),
(1468, 21, 48, 'ver1.32.3592.6117', '2016-11-05'),
(1469, 19, 34, 'ver8.0.1120.15', '2016-10-28'),
(1470, 9, 68, 'ver7.3.4.311', '2016-04-08'),
(1471, 52, 19, 'ver4.42', '0000-00-00'),
(1472, 47, 96, '', '2014-02-07'),
(1473, 34, 67, 'ver12.2.5.195', '0000-00-00'),
(1474, 21, 92, 'ver2.64.1073', '0000-00-00'),
(1475, 32, 81, 'ver2.38', '2016-11-03'),
(1476, 70, 102, 'ver16.04.00.0', '2016-10-31'),
(1477, 4, 78, 'ver3.3.1', '2016-11-24'),
(1478, 25, 24, 'ver23.0.0.207', '0000-00-00'),
(1479, 50, 90, 'ver4.0.15.0', '2016-03-10'),
(1480, 22, 67, 'ver12.2.5.195', '0000-00-00'),
(1481, 4, 96, '', '2016-11-23'),
(1482, 75, 84, 'ver11.0.583.0', '2012-09-18'),
(1483, 16, 102, 'ver16.02', '0000-00-00'),
(1484, 12, 5, '', '0000-00-00'),
(1485, 20, 68, 'ver8.0.2.805', '2016-08-19'),
(1486, 63, 30, 'ver2.1.2', '2016-11-23'),
(1487, 38, 103, 'ver12.6.0', '2016-11-23'),
(1488, 27, 46, 'ver23.0.0.205', '0000-00-00'),
(1489, 28, 57, 'ver5.2.3.3', '2016-11-22'),
(1490, 63, 9, 'ver5.24', '0000-00-00'),
(1491, 54, 7, 'ver3.0.20.0', '2016-03-25'),
(1492, 45, 102, 'ver16.02', '0000-00-00'),
(1493, 15, 42, 'ver2.4.0', '2016-11-05'),
(1494, 21, 75, 'ver5.9.2', '2016-09-15'),
(1495, 11, 22, 'ver4.5.7.6452', '2016-12-01'),
(1496, 13, 30, 'ver2.1.2', '2016-04-10'),
(1497, 44, 14, 'ver2.14.0', '2015-06-24'),
(1498, 23, 60, 'ver0.91', '2015-02-04'),
(1499, 62, 5, 'ver0.53.00.00', '2013-05-16'),
(1500, 28, 42, 'ver2.4.1', '2016-12-04'),
(1501, 28, 44, 'ver1.0.0', '0000-00-00'),
(1502, 70, 64, 'ver41.0.2353.69', '0000-00-00'),
(1503, 23, 42, 'ver2.3.2', '2016-08-24'),
(1504, 76, 81, 'ver2.35', '2016-04-25'),
(1505, 40, 75, 'ver5.9.2', '2016-09-18'),
(1506, 10, 102, 'ver16.04', '0000-00-00'),
(1507, 70, 63, 'ver50.0.2', '0000-00-00'),
(1508, 21, 9, 'ver5.23', '0000-00-00'),
(1509, 31, 42, 'ver2.4.1', '2016-12-12'),
(1510, 66, 39, 'ver0.67', '2016-05-01'),
(1511, 47, 97, 'ver2.8.18', '2016-08-19'),
(1512, 40, 36, 'ver1.2.8.12', '2016-05-03'),
(1513, 38, 57, 'ver5.2.3.3', '2016-11-23'),
(1514, 16, 19, 'ver4.42', '0000-00-00'),
(1515, 71, 9, 'ver5.24', '0000-00-00'),
(1516, 67, 67, 'ver12.2.5.195', '0000-00-00'),
(1517, 38, 21, 'ver24.0.0.186', '0000-00-00'),
(1518, 65, 81, 'ver2.36', '2016-09-08'),
(1519, 54, 73, '', '0000-00-00'),
(1520, 21, 97, 'ver2.8.18', '2016-08-30'),
(1521, 24, 30, 'ver2.0.6', '2015-02-04'),
(1522, 24, 48, 'ver1.31.2873.2758', '2016-08-24'),
(1523, 73, 48, 'ver1.32.3889.0961', '2016-11-29'),
(1524, 52, 48, 'ver1.32.3889.0961', '2016-11-24'),
(1525, 67, 1, 'ver24.0.0.180', '2016-12-14'),
(1526, 33, 92, 'ver2.64.1073', '0000-00-00'),
(1527, 28, 36, 'ver1.2.8.12', '2016-03-31'),
(1528, 47, 19, 'ver4.42', '0000-00-00'),
(1529, 51, 46, 'ver24.0.0.186', '0000-00-00'),
(1530, 29, 89, 'ver3.22.2.2', '0000-00-00'),
(1531, 71, 90, 'ver5.0.268.0', '2016-08-19'),
(1532, 9, 28, 'ver7.2.2', '0000-00-00'),
(1533, 58, 30, 'ver2.1.2', '2016-04-11'),
(1534, 56, 63, 'ver50.1.0', '0000-00-00'),
(1535, 29, 7, 'ver2.2.2', '2013-05-20'),
(1536, 60, 75, 'ver5.9.2', '2016-11-23'),
(1537, 68, 57, 'ver5.1.5.2', '2016-09-23'),
(1538, 66, 64, 'ver41.0.2353.69', '0000-00-00'),
(1539, 67, 97, 'ver2.8.18', '2016-08-21'),
(1540, 14, 86, 'ver2.5.8.0', '2014-10-14'),
(1541, 62, 96, '', '2014-11-19'),
(1542, 52, 83, 'ver3.9.141.259', '0000-00-00'),
(1543, 33, 9, 'ver5.24', '0000-00-00'),
(1544, 47, 103, 'ver12.3.5', '2016-08-19'),
(1545, 39, 22, 'ver4.5.7.6452', '2016-12-13'),
(1546, 46, 2, 'ver5.1', '0000-00-00'),
(1547, 41, 19, 'ver4.42', '0000-00-00'),
(1548, 62, 23, 'ver8.0.310.13', '2015-02-15'),
(1549, 53, 9, 'ver5.12', '0000-00-00'),
(1550, 40, 60, 'ver0.91', '2016-08-30'),
(1551, 33, 76, 'ver3.0', '0000-00-00'),
(1552, 35, 36, 'ver1.2.8.12', '2016-04-03'),
(1553, 11, 68, 'ver8.1.0.1013', '2016-11-03'),
(1554, 3, 69, 'ver16.4.3528.0331', '2016-12-06'),
(1555, 23, 96, '', '2015-02-04'),
(1556, 65, 34, 'ver8.0.1020.14', '2016-09-08'),
(1557, 23, 85, 'ver0.5.7', '2013-12-13'),
(1558, 42, 46, 'ver24.0.0.186', '0000-00-00'),
(1559, 62, 86, 'ver2.5.8.0', '2014-11-19'),
(1560, 34, 76, 'ver3.0', '0000-00-00'),
(1561, 29, 49, 'ver7.1.7.2606', '2016-11-21'),
(1562, 8, 34, 'ver7.0.800', '2016-05-25'),
(1563, 33, 39, 'ver0.67', '2016-04-14'),
(1564, 25, 74, 'ver4.0.12', '2016-11-23'),
(1565, 33, 44, 'ver1.0.0', '0000-00-00'),
(1566, 35, 34, 'ver8.0.1120.15', '2016-11-07'),
(1567, 9, 84, 'ver11.1.1209.0', '2014-10-28'),
(1568, 45, 34, 'ver8.0.1120.15', '2016-11-07'),
(1569, 9, 75, 'ver5.9.3', '2016-12-05'),
(1570, 39, 34, 'ver8.0.1120.15', '2016-10-28'),
(1571, 40, 67, 'ver12.2.4.194', '0000-00-00'),
(1572, 66, 89, 'ver3.23.0.2', '0000-00-00'),
(1573, 17, 53, 'ver9.5.5', '2016-09-12'),
(1574, 32, 19, 'ver4.42', '0000-00-00'),
(1575, 52, 23, 'ver8.0.450.14', '2015-06-25'),
(1576, 33, 90, 'ver5.0.271.0', '2016-08-30'),
(1577, 40, 97, 'ver2.8.18', '2016-08-30'),
(1578, 15, 60, 'ver0.91', '2015-02-05'),
(1579, 27, 63, 'ver50.0.2', '0000-00-00'),
(1580, 56, 12, 'ver15.020.20042', '2016-11-24'),
(1581, 48, 46, 'ver24.0.0.186', '0000-00-00'),
(1582, 6, 12, 'ver15.020.20042', '2016-11-07'),
(1583, 60, 89, 'ver3.22.2.2', '0000-00-00'),
(1584, 43, 30, 'ver2.0.6', '2015-02-03'),
(1585, 15, 88, 'ver2.2.4', '0000-00-00'),
(1586, 44, 30, 'ver2.1.2', '2016-03-21'),
(1587, 28, 22, 'ver4.5.7.6452', '2016-12-04'),
(1588, 50, 46, 'ver24.0.0.186', '0000-00-00'),
(1589, 69, 9, 'ver5.24', '0000-00-00'),
(1590, 70, 90, 'ver5.0.286.0', '2016-11-05'),
(1591, 25, 57, 'ver5.2.3.3', '2016-11-23'),
(1592, 39, 88, 'ver2.2.4', '0000-00-00'),
(1593, 44, 9, 'ver5.24', '0000-00-00'),
(1594, 54, 34, 'ver8.0.1120.15', '2016-12-12'),
(1595, 14, 7, 'ver2.2.2', '2013-05-16'),
(1596, 11, 67, 'ver12.2.5.195', '0000-00-00'),
(1597, 27, 62, 'ver6.11.102', '2014-03-05'),
(1598, 54, 57, 'ver5.2.3.3', '2016-11-05'),
(1599, 20, 39, 'ver0.67', '2016-08-19'),
(1600, 55, 86, 'ver2.5.8.0', '2014-02-07'),
(1601, 16, 63, 'ver50.1.0', '0000-00-00'),
(1602, 26, 2, 'ver4.9', '0000-00-00'),
(1603, 49, 2, 'ver4.8', '0000-00-00'),
(1604, 2, 63, 'ver50.1.0', '0000-00-00'),
(1605, 65, 89, 'ver3.21.0', '0000-00-00'),
(1606, 32, 57, 'ver5.2.2.2', '2016-11-03'),
(1607, 24, 86, 'ver2.5.8.0', '2014-09-16'),
(1608, 4, 89, 'ver3.23.0.2', '0000-00-00'),
(1609, 31, 103, 'ver12.3.5', '2016-08-24'),
(1610, 74, 88, 'ver2.2.4', '0000-00-00'),
(1611, 40, 86, 'ver2.5.8.0', '2014-02-07'),
(1612, 45, 81, 'ver2.36', '2016-09-11'),
(1613, 66, 42, 'ver2.3.2', '2016-08-25'),
(1614, 45, 83, 'ver3.9.141.259', '0000-00-00'),
(1615, 60, 90, 'ver5.0.286.0', '2016-11-23'),
(1616, 44, 5, 'ver0.53.00.00', '2015-06-24'),
(1617, 8, 39, 'ver0.67', '2016-03-21'),
(1618, 34, 21, 'ver24.0.0.186', '0000-00-00'),
(1619, 25, 81, 'ver2.39', '2016-11-23'),
(1620, 11, 53, 'ver11.0.18', '2016-11-03'),
(1621, 54, 56, 'ver2.0.0.372', '0000-00-00'),
(1622, 47, 102, 'ver16.02', '0000-00-00'),
(1623, 66, 86, 'ver2.5.8.0', '2016-05-01'),
(1624, 54, 12, 'ver15.020.20042', '2016-11-07'),
(1625, 20, 70, 'ver5.1.50901.0', '2016-10-11'),
(1626, 71, 89, 'ver3.23.0.2', '0000-00-00'),
(1627, 59, 89, 'ver3.23.0.2', '0000-00-00'),
(1628, 57, 58, 'ver15.4.3502.0922', '2011-11-15'),
(1629, 59, 2, 'ver5.5', '0000-00-00'),
(1630, 37, 63, 'ver50.1.0', '0000-00-00'),
(1631, 49, 102, 'ver9.10', '0000-00-00'),
(1632, 20, 34, 'ver8.0.1120.15', '2016-11-05'),
(1633, 55, 75, 'ver5.9.2', '2016-11-07'),
(1634, 13, 68, 'ver8.0.2.805', '2016-08-30'),
(1635, 62, 22, 'ver4.5.7.6389', '2016-11-06'),
(1636, 4, 21, 'ver24.0.0.186', '0000-00-00'),
(1637, 9, 105, 'ver1.0.1', '2014-10-28'),
(1638, 51, 69, 'ver16.4.3528.0331', '2016-09-01'),
(1639, 22, 89, 'ver3.23.0.2', '0000-00-00'),
(1640, 49, 53, 'ver10.1.16', '2016-09-26'),
(1641, 44, 22, 'ver4.5.7.6452', '2016-12-02'),
(1642, 39, 86, 'ver2.5.8.0', '2013-12-02'),
(1643, 11, 74, 'ver4.0.12', '2016-11-03'),
(1644, 31, 25, 'ver12.0.6612.1000', '2016-12-12'),
(1645, 29, 36, 'ver1.2.8.12', '2016-04-25'),
(1646, 16, 97, 'ver2.8.18', '2016-08-19'),
(1647, 4, 75, 'ver5.9.2', '2016-11-23'),
(1648, 39, 42, 'ver2.3.2', '2016-09-08'),
(1649, 47, 46, 'ver23.0.0.207', '0000-00-00'),
(1650, 28, 39, 'ver0.67', '2016-03-31'),
(1651, 54, 87, 'ver55.0.2883.87', '2016-12-12'),
(1652, 53, 88, 'ver2.2.2', '0000-00-00'),
(1653, 71, 84, 'ver11.0.705.1', '2013-03-21'),
(1654, 29, 22, 'ver4.5.7.6321', '2016-09-10'),
(1655, 32, 70, 'ver5.1.50901.0', '2016-11-04'),
(1656, 20, 22, 'ver4.5.7.6452', '2016-12-05'),
(1657, 53, 30, 'ver2.1.2', '2016-04-03'),
(1658, 14, 22, 'ver4.5.7.6389', '2016-11-06'),
(1659, 53, 63, 'ver45.0.1', '0000-00-00'),
(1660, 14, 81, 'ver2.38', '2016-11-06'),
(1661, 55, 22, 'ver4.5.7.6389', '2016-11-07'),
(1662, 35, 63, 'ver50.0.2', '0000-00-00'),
(1663, 23, 94, '', '0000-00-00'),
(1664, 13, 57, 'ver5.2.0.4', '2016-08-30'),
(1665, 20, 99, 'ver1.2.23', '2014-03-18'),
(1666, 21, 7, 'ver2.2.2', '2013-05-20'),
(1667, 17, 70, 'ver5.1.50901.0', '2016-10-12'),
(1668, 36, 38, 'ver4', '2011-11-15'),
(1669, 13, 96, '', '2016-10-21'),
(1670, 39, 9, 'ver5.24', '0000-00-00'),
(1671, 60, 46, 'ver23.0.0.207', '0000-00-00'),
(1672, 71, 42, 'ver2.4.1', '2016-12-06'),
(1673, 58, 70, 'ver5.1.50901.0', '2016-10-12'),
(1674, 61, 42, 'ver2.4.0', '2016-11-05'),
(1675, 14, 103, 'ver12.5.0', '2016-11-06'),
(1676, 66, 22, 'ver4.5.7.6321', '2016-09-12'),
(1677, 55, 5, '', '0000-00-00'),
(1678, 22, 46, 'ver24.0.0.186', '0000-00-00'),
(1679, 60, 74, 'ver4.0.12', '2016-11-23'),
(1680, 45, 46, 'ver24.0.0.186', '0000-00-00'),
(1681, 38, 60, 'ver0.91', '2016-11-23'),
(1682, 35, 29, 'ver1.4.20', '2016-05-06'),
(1683, 21, 22, 'ver4.5.7.6282', '2016-08-30'),
(1684, 38, 89, 'ver3.23.0.2', '0000-00-00'),
(1685, 4, 34, 'ver8.0.1120.15', '2016-11-24'),
(1686, 42, 55, 'ver15.4.3502.0922', '2011-01-06'),
(1687, 25, 68, 'ver8.1.1.1115', '2016-11-23'),
(1688, 73, 97, 'ver2.8.18', '2016-08-20'),
(1689, 28, 70, 'ver5.1.50901.0', '2016-10-12'),
(1690, 15, 5, '', '0000-00-00'),
(1691, 71, 75, 'ver5.9.3', '2016-12-06'),
(1692, 76, 63, 'ver50.0.2', '0000-00-00'),
(1693, 33, 42, 'ver2.4.1', '2016-12-05'),
(1694, 42, 102, 'ver9.10', '0000-00-00'),
(1695, 53, 81, 'ver2.35', '2016-04-03'),
(1696, 15, 75, 'ver5.9.2', '2016-11-05'),
(1697, 41, 39, 'ver0.67', '2016-04-10'),
(1698, 66, 5, '', '0000-00-00'),
(1699, 73, 60, 'ver0.91', '2015-12-13'),
(1700, 39, 83, 'ver3.9.141.259', '0000-00-00'),
(1701, 52, 42, 'ver2.4.0', '2016-11-06'),
(1702, 55, 42, 'ver2.3.2', '2016-09-05'),
(1703, 23, 7, 'ver2.2.1', '0000-00-00'),
(1704, 36, 69, 'ver16.4.3528.0331', '2016-09-05'),
(1705, 76, 88, 'ver2.2.4', '0000-00-00'),
(1706, 4, 85, 'ver0.7.6', '2016-11-24'),
(1707, 14, 5, 'ver0.53.00.00', '2013-05-16'),
(1708, 32, 86, 'ver2.5.8.0', '2016-11-04'),
(1709, 22, 23, 'ver1.7.0.210', '2013-04-27'),
(1710, 73, 46, 'ver24.0.0.186', '0000-00-00'),
(1711, 31, 1, 'ver23.0.0.257', '2016-09-13'),
(1712, 29, 92, 'ver2.64.1073', '0000-00-00'),
(1713, 38, 67, 'ver12.2.5.195', '0000-00-00'),
(1714, 67, 96, '', '2013-11-15'),
(1715, 67, 74, 'ver4.0.9', '2016-04-11'),
(1716, 15, 67, 'ver12.2.5.195', '0000-00-00'),
(1717, 22, 75, 'ver5.9.2', '2016-09-20'),
(1718, 65, 57, 'ver5.2.1.2', '2016-09-08'),
(1719, 33, 68, 'ver8.0.2.805', '2016-08-30'),
(1720, 73, 88, 'ver2.2.4', '0000-00-00'),
(1721, 8, 1, 'ver24.0.0.180', '2016-12-13'),
(1722, 48, 22, 'ver4.5.7.6321', '2016-09-24'),
(1723, 38, 64, 'ver42.0.2393.85', '0000-00-00'),
(1724, 28, 60, 'ver0.91', '2015-02-08'),
(1725, 38, 39, 'ver0.67', '2016-11-23'),
(1726, 8, 42, 'ver2.4.1', '2016-12-05'),
(1727, 23, 25, 'ver12.0.6612.1000', '2016-04-13'),
(1728, 63, 1, 'ver23.0.0.257', '2016-11-23'),
(1729, 55, 88, 'ver2.2.4', '0000-00-00'),
(1730, 66, 19, 'ver4.42', '0000-00-00'),
(1731, 43, 83, 'ver3.9.141.259', '0000-00-00'),
(1732, 43, 89, 'ver3.23.0.2', '0000-00-00'),
(1733, 44, 64, 'ver42.0.2393.85', '0000-00-00'),
(1734, 19, 46, 'ver23.0.0.207', '0000-00-00'),
(1735, 59, 75, 'ver5.9.3', '2016-12-13'),
(1736, 40, 46, 'ver23.0.0.207', '0000-00-00'),
(1737, 65, 39, 'ver0.67', '2016-09-08'),
(1738, 14, 87, 'ver54.0.2840.71', '2016-10-21'),
(1739, 43, 22, 'ver4.5.4.5306', '2015-02-03'),
(1740, 31, 68, 'ver8.0.2.805', '2016-08-24'),
(1741, 24, 102, 'ver16.02', '0000-00-00'),
(1742, 44, 74, 'ver4.0.12', '2016-11-12'),
(1743, 45, 12, 'ver15.020.20042', '2016-11-07'),
(1744, 41, 74, 'ver4.0.10', '2016-08-20'),
(1745, 39, 60, 'ver0.91', '2015-02-17'),
(1746, 56, 39, 'ver0.67', '2016-11-23'),
(1747, 57, 62, 'ver7.28.101', '2016-10-11'),
(1748, 59, 68, 'ver8.1.4.1208', '2016-12-13'),
(1749, 4, 39, 'ver0.67', '2016-11-23'),
(1750, 25, 90, 'ver5.0.286.0', '2016-11-23'),
(1751, 62, 39, 'ver0.67', '2016-03-09'),
(1752, 11, 24, 'ver24.0.0.186', '0000-00-00'),
(1753, 12, 76, 'ver3.0', '0000-00-00'),
(1754, 62, 63, 'ver49.0.2', '0000-00-00'),
(1755, 3, 21, 'ver24.0.0.186', '0000-00-00'),
(1756, 65, 48, 'ver1.32.3889.0961', '2016-12-05'),
(1757, 47, 83, 'ver3.9.141.259', '0000-00-00'),
(1758, 1, 87, 'ver54.0.2840.99', '2013-01-03'),
(1759, 33, 38, 'ver4', '2011-11-27'),
(1760, 69, 34, 'ver8.0.1120.15', '2016-10-28'),
(1761, 28, 14, 'ver2.14.0', '2014-11-04'),
(1762, 70, 14, 'ver2.14.0', '2016-11-05'),
(1763, 35, 102, 'ver15.14', '0000-00-00'),
(1764, 59, 81, 'ver2.39', '2016-12-13'),
(1765, 74, 46, 'ver24.0.0.186', '0000-00-00'),
(1766, 25, 19, 'ver4.42', '0000-00-00'),
(1767, 32, 68, 'ver8.1.0.1013', '2016-11-03'),
(1768, 71, 62, 'ver7.30.105', '2016-11-23'),
(1769, 31, 34, 'ver7.0.800', '2016-03-21'),
(1770, 41, 34, 'ver8.0.1120.15', '2016-11-16'),
(1771, 24, 22, 'ver4.5.7.6321', '2016-09-08'),
(1772, 23, 63, 'ver50.0.2', '0000-00-00'),
(1773, 73, 19, 'ver4.42', '0000-00-00'),
(1774, 34, 86, 'ver2.5.8.0', '2014-08-23'),
(1775, 31, 85, 'ver0.5.4', '2012-11-02'),
(1776, 39, 55, 'ver16.4.3528.0331', '2016-03-23'),
(1777, 29, 9, 'ver5.24', '0000-00-00'),
(1778, 63, 12, 'ver15.020.20042', '2016-11-24'),
(1779, 28, 28, 'ver7.2.2', '0000-00-00'),
(1780, 33, 57, 'ver5.2.0.4', '2016-08-21'),
(1781, 13, 49, 'ver7.1.7.2606', '2016-11-05'),
(1782, 55, 90, 'ver5.0.223.0', '2016-04-11'),
(1783, 45, 23, 'ver8.0.450.14', '2015-06-25'),
(1784, 35, 51, '', '2016-04-04'),
(1785, 31, 83, 'ver3.9.141.259', '0000-00-00'),
(1786, 34, 48, 'ver1.32.3889.0961', '2016-12-05'),
(1787, 71, 55, 'ver16.4.3528.0331', '2015-11-10'),
(1788, 52, 87, 'ver54.0.2840.99', '2016-11-14'),
(1789, 47, 49, 'ver7.1.5.1557', '2016-08-19'),
(1790, 24, 74, 'ver4.0.10', '2016-08-24'),
(1791, 15, 101, 'ver15.4.22', '0000-00-00'),
(1792, 9, 89, 'ver3.23.0.2', '0000-00-00'),
(1793, 55, 87, 'ver54.0.2840.99', '2016-11-07'),
(1794, 29, 12, 'ver15.020.20042', '2016-11-14'),
(1795, 22, 55, 'ver16.4.3528.0331', '2016-03-21'),
(1796, 62, 23, 'ver1.7.0.210', '2013-05-16'),
(1797, 33, 22, 'ver4.5.7.6282', '2016-08-30'),
(1798, 20, 19, 'ver4.42', '0000-00-00'),
(1799, 59, 28, 'ver7.2.2', '0000-00-00'),
(1800, 61, 22, 'ver4.5.7.6282', '2016-08-19'),
(1801, 40, 39, 'ver0.66', '2016-02-07'),
(1802, 58, 88, 'ver2.2.4', '0000-00-00'),
(1803, 3, 55, 'ver16.4.3528.0331', '2016-12-06'),
(1804, 54, 13, 'ver1.16', '0000-00-00'),
(1805, 31, 81, 'ver2.36', '2016-06-03'),
(1806, 22, 56, 'ver2.0.0.372', '0000-00-00'),
(1807, 57, 44, 'ver1.0.0', '0000-00-00'),
(1808, 9, 7, 'ver2.2.4', '2016-12-07'),
(1809, 61, 36, 'ver1.2.8.12', '2016-04-10'),
(1810, 59, 12, 'ver15.020.20042', '2016-11-07'),
(1811, 43, 87, 'ver55.0.2883.87', '2016-12-13'),
(1812, 35, 103, 'ver12.0.5', '2016-04-03'),
(1813, 21, 39, 'ver0.67', '2016-03-07'),
(1814, 10, 34, 'ver8.0.1120.15', '2016-11-24'),
(1815, 36, 46, 'ver23.0.0.207', '0000-00-00'),
(1816, 61, 60, 'ver0.91', '2015-06-25'),
(1817, 50, 55, 'ver15.4.3502.0922', '2011-01-06'),
(1818, 65, 67, 'ver12.2.4.194', '0000-00-00'),
(1819, 2, 84, 'ver10.7.144.0', '2016-10-24'),
(1820, 29, 90, 'ver5.0.137.0', '2015-08-30'),
(1821, 30, 53, 'ver9.5.5', '2016-09-06'),
(1822, 41, 49, 'ver7.1.7.2606', '2016-11-16'),
(1823, 16, 81, 'ver2.36', '2016-08-19'),
(1824, 50, 62, 'ver7.30.105', '2016-11-25'),
(1825, 52, 70, 'ver5.1.50901.0', '2016-10-12'),
(1826, 28, 88, 'ver2.2.4', '0000-00-00'),
(1827, 16, 85, 'ver0.7.0', '2016-05-03'),
(1828, 58, 63, 'ver50.0.2', '0000-00-00'),
(1829, 22, 22, 'ver4.5.7.6452', '2016-11-30'),
(1830, 60, 67, 'ver12.2.5.195', '0000-00-00'),
(1831, 34, 36, 'ver1.2.4.10', '2015-01-17'),
(1832, 40, 21, 'ver23.0.0.207', '0000-00-00'),
(1833, 17, 55, 'ver16.4.3528.0331', '2016-09-08'),
(1834, 67, 85, 'ver0.5.4', '2013-11-16'),
(1835, 9, 86, 'ver2.5.8.0', '2014-10-28'),
(1836, 11, 44, 'ver2.0.3', '2016-11-04'),
(1837, 71, 69, 'ver16.4.3528.0331', '2015-11-10'),
(1838, 14, 97, 'ver2.8.18', '2016-08-22'),
(1839, 1, 63, 'ver49.0.1', '0000-00-00'),
(1840, 20, 1, 'ver24.0.0.180', '2016-12-13'),
(1841, 13, 83, 'ver3.9.141.259', '0000-00-00'),
(1842, 24, 34, 'ver8.0.1120.15', '2016-11-07'),
(1843, 64, 46, 'ver24.0.0.186', '0000-00-00'),
(1844, 9, 46, 'ver24.0.0.186', '0000-00-00'),
(1845, 72, 34, 'ver8.0.1120.15', '2016-11-07'),
(1846, 11, 91, 'ver2.2.2', '2016-11-04'),
(1847, 48, 1, 'ver23.0.0.257', '2016-09-24'),
(1848, 15, 39, 'ver0.67', '2016-04-10'),
(1849, 39, 69, 'ver16.4.3528.0331', '2016-03-23'),
(1850, 11, 28, 'ver7.2.2', '0000-00-00'),
(1851, 12, 57, 'ver5.2.0.4', '2016-08-19'),
(1852, 3, 70, 'ver5.1.50901.0', '2016-10-12'),
(1853, 44, 49, 'ver7.1.7.2606', '2016-11-12'),
(1854, 29, 48, 'ver1.32.3889.0961', '2016-11-24'),
(1855, 44, 89, 'ver3.23.0.2', '0000-00-00'),
(1856, 70, 28, 'ver7.2.2', '0000-00-00'),
(1857, 45, 29, 'ver1.4.20', '2016-09-11'),
(1858, 52, 49, 'ver7.1.7.2606', '2016-11-06'),
(1859, 25, 46, 'ver24.0.0.186', '0000-00-00'),
(1860, 50, 102, 'ver16.02.00.0', '2016-08-25'),
(1861, 43, 21, 'ver24.0.0.186', '0000-00-00'),
(1862, 67, 75, 'ver5.9.3', '2016-12-05'),
(1863, 65, 19, 'ver4.42', '0000-00-00'),
(1864, 25, 89, 'ver3.22.2.2', '0000-00-00'),
(1865, 58, 60, 'ver0.91', '2015-02-14'),
(1866, 58, 83, 'ver3.9.141.259', '0000-00-00'),
(1867, 48, 88, 'ver2.2.4', '0000-00-00'),
(1868, 54, 15, 'ver3.0.0', '2016-03-25'),
(1869, 14, 29, 'ver1.4.20', '2016-11-06'),
(1870, 31, 89, 'ver3.23.0.2', '0000-00-00'),
(1871, 27, 21, 'ver23.0.0.205', '0000-00-00'),
(1872, 27, 87, 'ver49.0.2623.112', '2015-12-01'),
(1873, 22, 1, 'ver24.0.0.180', '2016-12-14'),
(1874, 66, 70, 'ver5.1.50901.0', '2016-10-13'),
(1875, 54, 89, 'ver3.23.0.2', '0000-00-00'),
(1876, 32, 54, 'ver1.5.4', '0000-00-00'),
(1877, 23, 73, '', '0000-00-00'),
(1878, 53, 68, 'ver7.3.4.311', '2016-04-03'),
(1879, 75, 2, 'ver4.6', '0000-00-00'),
(1880, 32, 5, 'ver0.53.00.00', '2016-11-04'),
(1881, 23, 36, 'ver1.2.4.10', '2015-02-05'),
(1882, 11, 59, 'ver451', '0000-00-00'),
(1883, 75, 68, 'ver5.1.3.1201', '2012-05-22'),
(1884, 60, 21, 'ver23.0.0.207', '0000-00-00'),
(1885, 74, 34, 'ver8.0.1120.15', '2016-11-07'),
(1886, 43, 64, 'ver42.0.2393.85', '0000-00-00'),
(1887, 29, 44, 'ver1.0.0', '0000-00-00'),
(1888, 55, 14, 'ver2.14.0', '2015-02-21'),
(1889, 17, 44, 'ver1.0.0', '0000-00-00'),
(1890, 56, 34, 'ver8.0.1120.15', '2016-11-24'),
(1891, 6, 68, 'ver7.2.8.1124', '2015-12-08'),
(1892, 68, 69, 'ver16.4.3528.0331', '2016-09-05'),
(1893, 40, 64, 'ver41.0.2353.56', '0000-00-00'),
(1894, 43, 60, 'ver0.91', '2015-02-03'),
(1895, 47, 75, 'ver5.9.1', '2016-08-19'),
(1896, 63, 60, 'ver0.91', '2016-11-23'),
(1897, 22, 29, 'ver1.4.20', '2016-04-22'),
(1898, 60, 39, 'ver0.67', '2016-11-23'),
(1899, 56, 1, 'ver24.0.0.180', '2016-12-15'),
(1900, 24, 60, 'ver0.91', '2015-02-04'),
(1901, 15, 12, 'ver15.020.20042', '2016-11-05'),
(1902, 62, 57, 'ver5.2.3.3', '2016-11-06'),
(1903, 9, 70, 'ver5.1.50901.0', '2016-10-12'),
(1904, 23, 5, '', '0000-00-00'),
(1905, 32, 103, 'ver12.5.0', '2016-11-03'),
(1906, 21, 14, 'ver2.14.0', '2013-05-20'),
(1907, 53, 28, 'ver6.9.1', '0000-00-00'),
(1908, 37, 46, 'ver18.0.0.366', '0000-00-00'),
(1909, 39, 19, 'ver4.42', '0000-00-00'),
(1910, 34, 46, 'ver24.0.0.186', '0000-00-00'),
(1911, 53, 83, 'ver3.9.141.259', '0000-00-00'),
(1912, 47, 74, 'ver4.0.10', '2016-08-19'),
(1913, 73, 28, 'ver7.2.2', '0000-00-00'),
(1914, 40, 34, 'ver8.0.1010.13', '2016-08-30'),
(1915, 8, 67, 'ver12.2.5.195', '0000-00-00'),
(1916, 58, 36, 'ver1.2.4.10', '2015-02-14'),
(1917, 12, 78, 'ver3.1.2', '0000-00-00'),
(1918, 20, 64, 'ver25.0.1614.50', '0000-00-00'),
(1919, 12, 101, 'ver14.4.19', '0000-00-00'),
(1920, 21, 85, 'ver0.5.4', '2013-10-05'),
(1921, 21, 57, 'ver5.2.0.4', '2016-08-30'),
(1922, 20, 75, 'ver5.9.3', '2016-12-05'),
(1923, 18, 21, 'ver23.0.0.205', '0000-00-00'),
(1924, 60, 48, 'ver1.32.3889.0961', '2016-11-23'),
(1925, 47, 30, 'ver2.1.0', '2015-07-24'),
(1926, 63, 97, 'ver2.8.18', '2016-11-23'),
(1927, 31, 7, 'ver2.2.1', '0000-00-00'),
(1928, 9, 81, 'ver2.35', '2016-04-08'),
(1929, 47, 39, 'ver0.67', '2016-04-10'),
(1930, 15, 74, 'ver4.0.10', '2016-08-19'),
(1931, 71, 36, 'ver1.1.9.13', '2014-12-16'),
(1932, 22, 97, 'ver2.8.18', '2016-07-31'),
(1933, 9, 5, '', '0000-00-00'),
(1934, 55, 64, 'ver41.0.2353.69', '0000-00-00'),
(1935, 63, 57, 'ver5.2.3.3', '2016-11-23'),
(1936, 33, 30, 'ver2.1.2', '2016-04-14'),
(1937, 56, 90, 'ver5.0.286.0', '2016-11-23'),
(1938, 21, 103, 'ver12.5.0', '2016-11-05'),
(1939, 31, 14, 'ver2.14.0', '2013-08-27'),
(1940, 58, 102, 'ver16.04.00.0', '2016-12-05'),
(1941, 73, 49, 'ver7.1.7.2606', '2016-11-07'),
(1942, 41, 5, '', '0000-00-00'),
(1943, 40, 79, 'ver4.1', '0000-00-00'),
(1944, 33, 48, 'ver1.32.4066.7445', '2016-12-14'),
(1945, 4, 63, 'ver50.1.0', '0000-00-00'),
(1946, 60, 30, 'ver2.1.2', '2016-11-23'),
(1947, 34, 103, 'ver12.5.0', '2016-11-05'),
(1948, 8, 60, 'ver0.91', '2015-02-15'),
(1949, 52, 64, 'ver41.0.2353.56', '0000-00-00'),
(1950, 73, 34, 'ver8.0.1110.14', '2016-10-20'),
(1951, 44, 75, 'ver5.9.2', '2016-09-15'),
(1952, 54, 90, 'ver5.0.286.0', '2016-11-05'),
(1953, 9, 30, 'ver2.1.0', '2015-08-10'),
(1954, 26, 46, 'ver24.0.0.186', '0000-00-00'),
(1955, 11, 13, 'ver1.16', '0000-00-00'),
(1956, 50, 87, 'ver55.0.2883.87', '2016-12-13'),
(1957, 15, 19, 'ver4.42', '0000-00-00'),
(1958, 47, 63, 'ver50.0.2', '0000-00-00'),
(1959, 25, 64, 'ver41.0.2353.69', '0000-00-00'),
(1960, 29, 5, 'ver0.53.00.00', '2013-05-20'),
(1961, 63, 78, 'ver3.3.1', '2016-11-24'),
(1962, 1, 44, 'ver1.0.0', '0000-00-00'),
(1963, 2, 68, 'ver8.1.0.1013', '2016-10-21'),
(1964, 57, 87, 'ver55.0.2883.87', '2013-04-15'),
(1965, 15, 87, 'ver66.208.49239', '2016-12-13'),
(1966, 54, 28, 'ver7.2.2', '0000-00-00'),
(1967, 21, 76, 'ver3.0', '0000-00-00'),
(1968, 26, 63, 'ver50.0.2', '0000-00-00'),
(1969, 26, 9, 'ver5.24', '0000-00-00'),
(1970, 20, 64, 'ver12.16.1860', '0000-00-00'),
(1971, 6, 56, 'ver2.0.0.372', '0000-00-00'),
(1972, 54, 75, 'ver5.9.3', '2016-12-12'),
(1973, 76, 94, '', '0000-00-00'),
(1974, 34, 22, 'ver4.5.7.6282', '2016-08-19'),
(1975, 59, 46, 'ver24.0.0.186', '0000-00-00'),
(1976, 41, 88, 'ver2.2.4', '0000-00-00'),
(1977, 12, 36, 'ver1.2.8.12', '2016-05-03'),
(1978, 68, 70, 'ver5.1.50428.0', '2016-09-09'),
(1979, 14, 46, 'ver23.0.0.205', '0000-00-00'),
(1980, 10, 84, 'ver10.7.144.0', '2016-10-11'),
(1981, 22, 5, '', '0000-00-00'),
(1982, 11, 64, 'ver42.0.2393.85', '0000-00-00'),
(1983, 65, 68, 'ver8.0.2.805', '2016-09-08'),
(1984, 59, 1, 'ver24.0.0.180', '2016-12-13'),
(1985, 23, 21, 'ver23.0.0.207', '0000-00-00'),
(1986, 23, 57, 'ver5.2.0.4', '2016-08-24'),
(1987, 70, 81, 'ver2.38', '2016-11-05'),
(1988, 14, 90, 'ver5.0.286.0', '2016-11-06'),
(1989, 45, 86, 'ver2.5.8.0', '2015-06-25'),
(1990, 47, 87, 'ver55.0.2883.75', '2016-12-08'),
(1991, 70, 103, 'ver12.5.0', '2016-11-05'),
(1992, 8, 87, 'ver55.0.2883.87', '2016-12-13'),
(1993, 36, 82, 'ver15.4.3502.0922', '2011-07-21'),
(1994, 66, 9, 'ver5.22', '0000-00-00'),
(1995, 14, 88, 'ver2.2.4', '0000-00-00'),
(1996, 42, 2, 'ver4.6', '0000-00-00'),
(1997, 28, 74, 'ver4.0.10', '2016-08-19'),
(1998, 60, 34, 'ver8.0.1120.15', '2016-11-24'),
(1999, 63, 46, 'ver23.0.0.207', '0000-00-00'),
(2000, 67, 39, 'ver0.67', '2016-03-07'),
(2001, 71, 67, 'ver12.2.5.195', '0000-00-00'),
(2002, 55, 89, 'ver3.22.2.2', '0000-00-00'),
(2003, 45, 1, 'ver24.0.0.180', '2016-12-14'),
(2004, 56, 30, 'ver2.1.2', '2016-11-23'),
(2005, 32, 74, 'ver4.0.12', '2016-11-03'),
(2006, 66, 90, 'ver5.0.235.0', '2016-05-12'),
(2007, 20, 103, 'ver12.3.5', '2016-08-19'),
(2008, 22, 49, 'ver7.1.7.2606', '2016-11-02'),
(2009, 35, 42, 'ver2.4.1', '2016-12-02'),
(2010, 33, 89, 'ver3.23.0.2', '0000-00-00'),
(2011, 56, 57, 'ver5.2.3.3', '2016-11-23'),
(2012, 45, 48, 'ver1.32.3889.0961', '2016-11-30'),
(2013, 61, 67, 'ver12.2.5.195', '0000-00-00'),
(2014, 59, 97, 'ver2.8.18', '2016-08-10'),
(2015, 40, 85, 'ver0.5.7', '2014-02-22'),
(2016, 70, 74, 'ver4.0.12', '2016-11-05'),
(2017, 12, 88, 'ver2.2.4', '0000-00-00'),
(2018, 25, 103, 'ver12.6.0', '2016-11-23'),
(2019, 14, 63, 'ver49.0.2', '0000-00-00'),
(2020, 31, 75, 'ver5.9.3', '2016-12-01'),
(2021, 70, 88, 'ver2.2.4', '0000-00-00'),
(2022, 76, 75, 'ver5.9.3', '2016-12-04'),
(2023, 39, 81, 'ver2.39', '2016-12-13'),
(2024, 25, 102, 'ver16.04', '0000-00-00'),
(2025, 28, 19, 'ver4.42', '0000-00-00'),
(2026, 8, 103, 'ver12.1.0', '2016-04-25'),
(2027, 67, 63, 'ver50.1.0', '0000-00-00'),
(2028, 4, 90, 'ver5.0.286.0', '2016-11-23'),
(2029, 38, 85, 'ver0.7.6', '2016-11-24'),
(2030, 21, 60, 'ver0.91', '2016-08-30'),
(2031, 54, 69, 'ver16.4.3528.0331', '2014-07-25'),
(2032, 6, 102, 'ver16.03.00.0', '2016-09-30'),
(2033, 41, 28, 'ver7.2.2', '0000-00-00'),
(2034, 70, 67, 'ver12.2.5.195', '0000-00-00'),
(2035, 9, 42, 'ver2.4.1', '2016-12-05'),
(2036, 7, 63, 'ver50.1.0', '0000-00-00'),
(2037, 51, 9, 'ver5.22', '0000-00-00'),
(2038, 31, 90, 'ver5.0.268.0', '2016-08-24'),
(2039, 37, 88, 'ver2.2.4', '0000-00-00'),
(2040, 44, 83, 'ver3.9.141.259', '0000-00-00'),
(2041, 42, 88, 'ver2.0.3', '0000-00-00'),
(2042, 21, 74, 'ver4.0.10', '2016-08-30'),
(2043, 33, 34, 'ver8.0.1120.15', '2016-12-05'),
(2044, 12, 89, 'ver3.22.2.2', '0000-00-00'),
(2045, 62, 30, 'ver2.0.6', '2014-11-19'),
(2046, 60, 29, 'ver1.4.20', '2016-11-24'),
(2047, 46, 21, 'ver23.0.0.207', '0000-00-00'),
(2048, 38, 81, 'ver2.39', '2016-11-23'),
(2049, 11, 5, 'ver0.53.00.00', '2016-11-04'),
(2050, 47, 38, 'ver4', '2014-02-12'),
(2051, 21, 81, 'ver2.36', '2016-05-09'),
(2052, 45, 30, 'ver2.1.2', '2016-04-12'),
(2053, 67, 102, 'ver16.04.00.0', '2016-12-05'),
(2054, 61, 28, 'ver7.2', '0000-00-00'),
(2055, 57, 88, 'ver1.1.11', '0000-00-00'),
(2056, 43, 49, 'ver7.1.7.2606', '2016-11-07'),
(2057, 37, 53, 'ver11.0.16', '2016-08-23'),
(2058, 67, 68, 'ver8.0.2.805', '2016-08-21'),
(2059, 33, 103, 'ver12.3.5', '2016-08-21'),
(2060, 32, 97, 'ver2.8.18', '2016-11-03'),
(2061, 75, 21, 'ver23.0.0.205', '0000-00-00'),
(2062, 62, 97, 'ver2.8.18', '2016-08-22'),
(2063, 55, 97, 'ver2.8.18', '2016-09-05'),
(2064, 12, 102, 'ver16.04.00.0', '2016-11-05'),
(2065, 5, 90, 'ver4.0.15.0', '2016-03-09'),
(2066, 43, 48, 'ver1.32.3889.0961', '2016-11-22'),
(2067, 24, 49, 'ver7.1.7.2600', '2016-09-08'),
(2068, 56, 68, 'ver8.1.1.1115', '2016-11-23'),
(2069, 67, 21, 'ver24.0.0.186', '0000-00-00'),
(2070, 73, 86, 'ver2.5.8.0', '2014-02-07'),
(2071, 68, 84, 'ver10.7.144.0', '2012-10-12'),
(2072, 52, 9, 'ver5.23', '0000-00-00'),
(2073, 52, 86, 'ver2.5.8.0', '2015-06-25'),
(2074, 20, 87, 'ver55.0.2883.87', '2016-12-12'),
(2075, 8, 75, 'ver5.9.3', '2016-12-01'),
(2076, 41, 60, 'ver0.91', '2015-05-25'),
(2077, 4, 57, 'ver5.2.3.3', '2016-11-23'),
(2078, 45, 87, 'ver55.0.2883.87', '2016-12-14'),
(2079, 50, 21, 'ver24.0.0.186', '0000-00-00'),
(2080, 67, 42, 'ver2.4.1', '2016-12-05'),
(2081, 48, 67, 'ver12.2.5.195', '0000-00-00'),
(2082, 54, 19, 'ver4.42', '0000-00-00'),
(2083, 65, 1, 'ver22.0.0.153', '2016-09-08'),
(2084, 12, 7, 'ver2.2.1', '0000-00-00'),
(2085, 6, 2, 'ver5.5', '0000-00-00'),
(2086, 29, 34, 'ver7.0.750', '2015-02-18'),
(2087, 51, 88, 'ver2.2.4', '0000-00-00'),
(2088, 20, 60, 'ver0.91', '2015-02-09'),
(2089, 28, 102, 'ver16.04.00.0', '2016-11-05'),
(2090, 32, 1, 'ver23.0.0.257', '2016-11-03'),
(2091, 41, 86, 'ver2.5.8.0', '2014-11-24'),
(2092, 56, 28, 'ver7.2.2', '0000-00-00'),
(2093, 45, 57, 'ver5.2.1.2', '2016-09-11'),
(2094, 32, 29, 'ver1.4.20', '2016-11-03'),
(2095, 31, 74, 'ver4.0.10', '2016-08-24'),
(2096, 41, 67, 'ver12.2.5.195', '0000-00-00'),
(2097, 59, 83, 'ver3.9.141.259', '0000-00-00'),
(2098, 54, 86, 'ver2.5.8.0', '2014-04-02'),
(2099, 20, 48, 'ver1.32.4066.7445', '2016-12-12'),
(2100, 31, 96, '', '2012-11-02'),
(2101, 55, 68, 'ver7.3.4.311', '2016-04-11'),
(2102, 29, 76, 'ver3.0', '0000-00-00'),
(2103, 20, 78, 'ver3.2.2', '0000-00-00'),
(2104, 48, 63, 'ver50.0.2', '0000-00-00'),
(2105, 61, 5, 'ver0.53.00.00', '2015-06-25'),
(2106, 66, 75, 'ver5.9.2', '2016-09-23'),
(2107, 57, 34, 'ver7.0.800', '2016-10-05'),
(2108, 66, 81, 'ver2.35', '2016-05-01'),
(2109, 68, 21, 'ver24.0.0.186', '0000-00-00'),
(2110, 64, 2, 'ver5.5', '0000-00-00'),
(2111, 74, 102, 'ver16.04.00.0', '2016-11-07'),
(2112, 20, 62, 'ver7.30.105', '2016-11-23'),
(2113, 24, 36, 'ver1.2.4.10', '2015-02-04'),
(2114, 31, 49, 'ver7.1.7.2606', '2016-11-07'),
(2115, 23, 74, 'ver4.0.10', '2016-08-24'),
(2116, 29, 87, 'ver54.0.2840.71', '2016-10-21'),
(2117, 38, 88, 'ver2.2.4', '0000-00-00'),
(2118, 24, 97, 'ver2.8.18', '2016-08-03'),
(2119, 14, 74, 'ver4.0.12', '2016-11-06'),
(2120, 20, 89, 'ver3.23.0.2', '0000-00-00'),
(2121, 14, 83, 'ver3.9.141.259', '0000-00-00'),
(2122, 61, 63, 'ver49.0.2', '0000-00-00'),
(2123, 13, 42, 'ver2.4.1', '2016-12-06'),
(2124, 34, 44, 'ver1.0.0', '0000-00-00'),
(2125, 28, 21, 'ver23.0.0.207', '0000-00-00'),
(2126, 63, 85, 'ver0.7.6', '2016-11-24'),
(2127, 22, 39, 'ver0.67', '2016-03-23'),
(2128, 24, 30, 'ver2.1.2', '2016-08-24'),
(2129, 26, 88, 'ver2.2.4', '0000-00-00'),
(2130, 28, 30, 'ver2.1.2', '2016-04-05'),
(2131, 12, 19, 'ver4.42', '0000-00-00'),
(2132, 13, 29, 'ver1.4.20', '2016-05-17'),
(2133, 13, 89, 'ver3.22.2.2', '0000-00-00'),
(2134, 22, 60, 'ver0.91', '2015-02-05'),
(2135, 64, 63, 'ver50.1.0', '0000-00-00'),
(2136, 68, 55, 'ver16.4.3528.0331', '2016-09-05'),
(2137, 71, 57, 'ver5.2.0.4', '2016-08-19'),
(2138, 43, 12, 'ver15.020.20042', '2016-11-07'),
(2139, 11, 87, 'ver55.0.2883.87', '2016-12-14'),
(2140, 24, 29, 'ver1.4.20', '2016-04-27'),
(2141, 25, 42, 'ver2.4.1', '2016-11-23'),
(2142, 8, 83, 'ver3.9.141.259', '0000-00-00'),
(2143, 20, 96, '', '2014-08-19'),
(2144, 11, 22, 'ver4.5.7.6389', '2016-11-04'),
(2145, 38, 19, 'ver4.42', '0000-00-00'),
(2146, 40, 70, 'ver5.1.50901.0', '2016-10-17'),
(2147, 14, 42, 'ver2.4.0', '2016-11-06'),
(2148, 12, 85, 'ver0.5.4', '2012-11-02'),
(2149, 69, 102, 'ver9.10', '0000-00-00'),
(2150, 76, 49, 'ver7.1.7.2606', '2016-11-06'),
(2151, 33, 86, 'ver2.5.8.0', '2014-08-28'),
(2152, 47, 9, 'ver5.21', '0000-00-00'),
(2153, 11, 75, 'ver5.9.3', '2016-12-09'),
(2154, 32, 63, 'ver50.0.2', '0000-00-00'),
(2155, 38, 46, 'ver24.0.0.186', '0000-00-00'),
(2156, 42, 55, 'ver15.4.3508.1109', '0000-00-00'),
(2157, 62, 94, '', '0000-00-00'),
(2158, 57, 57, 'ver5.1.6.2', '2016-11-09'),
(2159, 28, 12, 'ver15.020.20042', '2016-11-05'),
(2160, 62, 14, 'ver2.14.0', '2013-05-16'),
(2161, 1, 12, 'ver15.020.20042', '2016-11-22'),
(2162, 38, 12, 'ver15.020.20042', '2016-11-24'),
(2163, 61, 90, 'ver5.0.286.0', '2016-11-05'),
(2164, 61, 102, 'ver16.02', '0000-00-00'),
(2165, 31, 64, 'ver12.16.1860', '0000-00-00'),
(2166, 15, 1, 'ver24.0.0.180', '2016-12-14'),
(2167, 55, 96, '', '2014-08-23'),
(2168, 43, 29, 'ver1.4.20', '2016-04-25'),
(2169, 35, 70, 'ver5.1.50901.0', '2016-10-12'),
(2170, 31, 34, 'ver8.0.1120.15', '2016-11-07'),
(2171, 53, 42, 'ver2.3.0', '2016-04-03'),
(2172, 32, 67, 'ver12.2.5.195', '0000-00-00'),
(2173, 28, 67, 'ver12.2.5.195', '0000-00-00'),
(2174, 19, 70, 'ver5.1.50901.0', '2016-10-12'),
(2175, 76, 42, 'ver2.4.1', '2016-12-04'),
(2176, 48, 89, 'ver3.22.1', '0000-00-00'),
(2177, 55, 63, 'ver50.0', '0000-00-00'),
(2178, 29, 60, 'ver0.91', '2016-06-13'),
(2179, 30, 63, 'ver50.1.0', '0000-00-00'),
(2180, 29, 14, 'ver2.14.0', '2013-05-20'),
(2181, 12, 97, 'ver2.8.18', '2016-08-19'),
(2182, 21, 87, 'ver54.0.2840.87', '2016-11-05'),
(2183, 22, 64, 'ver12.16.1860', '0000-00-00'),
(2184, 6, 21, 'ver24.0.0.186', '0000-00-00'),
(2185, 16, 22, 'ver4.5.7.6452', '2016-11-30'),
(2186, 65, 64, 'ver41.0.2353.69', '0000-00-00'),
(2187, 8, 12, 'ver15.020.20042', '2016-11-07'),
(2188, 62, 23, 'ver8.0.250.18', '2014-11-19'),
(2189, 58, 68, 'ver8.0.2.805', '2016-09-02'),
(2190, 40, 9, 'ver5.16', '0000-00-00'),
(2191, 44, 103, 'ver12.5.5', '2016-11-12'),
(2192, 37, 9, 'ver5.24', '0000-00-00'),
(2193, 29, 78, 'ver3.2.2', '0000-00-00'),
(2194, 54, 20, 'ver2.77.0', '2016-03-25'),
(2195, 21, 12, 'ver15.020.20042', '2016-11-05'),
(2196, 43, 67, 'ver12.2.5.195', '0000-00-00'),
(2197, 69, 102, 'ver16.04.00.0', '2016-10-28'),
(2198, 12, 30, 'ver2.1.2', '2016-04-07'),
(2199, 14, 1, 'ver23.0.0.257', '2016-09-21'),
(2200, 7, 30, 'ver2.1.0', '2015-04-01'),
(2201, 31, 39, 'ver0.67', '2016-03-07'),
(2202, 60, 81, 'ver2.39', '2016-11-23'),
(2203, 59, 60, 'ver0.91', '2015-09-12'),
(2204, 56, 96, '', '2016-11-23'),
(2205, 15, 46, 'ver24.0.0.186', '0000-00-00'),
(2206, 20, 97, 'ver2.8.18', '2016-08-19'),
(2207, 25, 9, 'ver5.24', '0000-00-00'),
(2208, 51, 27, 'ver6.7.0', '2011-08-09'),
(2209, 54, 23, 'ver8.0.600.27', '2015-08-25'),
(2210, 35, 90, 'ver5.0.214.0', '2016-04-06'),
(2211, 65, 42, 'ver2.3.2', '2016-09-08'),
(2212, 9, 103, 'ver12.0.5', '2016-04-08'),
(2213, 21, 68, 'ver8.1.0.1013', '2016-11-05'),
(2214, 35, 102, 'ver16.04.00.0', '2016-11-07'),
(2215, 35, 96, '', '2016-04-06'),
(2216, 62, 9, 'ver5.22', '0000-00-00'),
(2217, 15, 68, 'ver8.0.2.805', '2016-08-19'),
(2218, 57, 63, 'ver49.0.2', '0000-00-00'),
(2219, 7, 68, 'ver6.1.4.217', '2014-04-04'),
(2220, 15, 83, 'ver3.9.141.259', '0000-00-00'),
(2221, 34, 75, 'ver5.9.3', '2016-12-05'),
(2222, 57, 21, 'ver24.0.0.186', '0000-00-00'),
(2223, 60, 97, 'ver2.8.18', '2016-11-23'),
(2224, 57, 90, 'ver4.4.19.0', '2014-03-12'),
(2225, 11, 85, 'ver0.7.6', '2016-11-04'),
(2226, 7, 34, 'ver8.0.1110.14', '2016-10-20'),
(2227, 31, 46, 'ver23.0.0.207', '0000-00-00'),
(2228, 53, 75, 'ver5.7.7', '2016-04-03'),
(2229, 15, 49, 'ver7.1.7.2606', '2016-11-05'),
(2230, 40, 90, 'ver5.0.271.0', '2016-08-30'),
(2231, 29, 81, 'ver2.36', '2016-09-10'),
(2232, 42, 48, 'ver1.32.3889.0961', '2016-12-02'),
(2233, 33, 74, 'ver4.0.10', '2016-08-30'),
(2234, 5, 34, 'ver8.0.1010.13', '2016-09-21'),
(2235, 70, 89, 'ver3.23.0.2', '0000-00-00'),
(2236, 39, 1, 'ver24.0.0.180', '2016-12-14'),
(2237, 54, 74, 'ver4.0.12', '2016-11-05'),
(2238, 67, 60, 'ver0.91', '2015-02-14'),
(2239, 23, 64, 'ver12.16.1860', '0000-00-00'),
(2240, 40, 48, 'ver1.32.3592.6117', '2016-11-11'),
(2241, 28, 63, 'ver50.0.2', '0000-00-00'),
(2242, 53, 67, 'ver12.2.4.194', '0000-00-00'),
(2243, 8, 19, 'ver4.42', '0000-00-00'),
(2244, 38, 74, 'ver4.0.12', '2016-11-23'),
(2245, 39, 103, 'ver12.7.0', '2016-12-13'),
(2246, 14, 94, '', '0000-00-00'),
(2247, 66, 63, 'ver50.0.2', '0000-00-00'),
(2248, 20, 67, 'ver12.2.5.195', '0000-00-00'),
(2249, 15, 63, 'ver50.1.0', '0000-00-00'),
(2250, 70, 57, 'ver5.2.3.3', '2016-11-05'),
(2251, 23, 9, 'ver5.18', '0000-00-00'),
(2252, 29, 22, 'ver4.5.7.6389', '2016-11-21'),
(2253, 29, 88, 'ver2.2.4', '0000-00-00'),
(2254, 58, 5, '', '0000-00-00'),
(2255, 30, 21, 'ver23.0.0.205', '0000-00-00'),
(2256, 61, 103, 'ver12.5.0', '2016-11-05'),
(2257, 21, 102, 'ver16.04.00.0', '2016-11-05'),
(2258, 70, 49, 'ver7.1.7.2606', '2016-10-31'),
(2259, 59, 14, 'ver2.14.0', '2015-09-12'),
(2260, 36, 57, 'ver5.1.6.2', '2016-11-16'),
(2261, 9, 14, 'ver2.14.0', '2014-10-28'),
(2262, 39, 29, 'ver1.4.20', '2016-04-25'),
(2263, 21, 90, 'ver5.0.271.0', '2016-08-30'),
(2264, 56, 29, 'ver1.4.20', '2016-11-24'),
(2265, 29, 57, 'ver5.2.1.2', '2016-09-10'),
(2266, 54, 63, 'ver50.0.2', '0000-00-00'),
(2267, 25, 28, 'ver7.2.1', '0000-00-00'),
(2268, 9, 23, 'ver8.0.250.18', '2014-10-28'),
(2269, 29, 39, 'ver0.67', '2016-03-08'),
(2270, 31, 63, 'ver50.0.2', '0000-00-00'),
(2271, 22, 65, 'ver4.9.9.2', '0000-00-00'),
(2272, 47, 70, 'ver5.1.50901.0', '2016-10-14'),
(2273, 32, 49, 'ver7.1.7.2606', '2016-11-04'),
(2274, 4, 29, 'ver1.4.20', '2016-11-24'),
(2275, 73, 103, 'ver12.3.5', '2016-08-20'),
(2276, 11, 11, 'ver4.94', '0000-00-00'),
(2277, 71, 19, 'ver4.42', '0000-00-00'),
(2278, 12, 102, 'ver15.14', '0000-00-00'),
(2279, 28, 97, 'ver2.8.18', '2016-08-19'),
(2280, 41, 12, 'ver15.020.20042', '2016-11-07'),
(2281, 63, 75, 'ver5.9.2', '2016-11-23'),
(2282, 16, 28, 'ver7.2.2', '0000-00-00'),
(2283, 32, 59, 'ver255', '2016-11-04'),
(2284, 33, 75, 'ver5.9.3', '2016-12-05'),
(2285, 69, 63, 'ver50.1.0', '0000-00-00'),
(2286, 25, 30, 'ver2.1.2', '2016-11-23'),
(2287, 40, 49, 'ver7.1.7.2606', '2016-11-24'),
(2288, 41, 22, 'ver4.5.7.6452', '2016-12-05'),
(2289, 33, 49, 'ver7.1.7.2606', '2016-11-28'),
(2290, 67, 19, 'ver4.42', '0000-00-00'),
(2291, 13, 19, 'ver4.42', '0000-00-00'),
(2292, 8, 76, 'ver3.0', '0000-00-00'),
(2293, 62, 7, 'ver2.2.2', '2013-05-16'),
(2294, 15, 57, 'ver5.2.2.2', '2016-11-05'),
(2295, 58, 86, 'ver2.5.8.0', '2014-06-21'),
(2296, 12, 64, 'ver41.0.2353.69', '0000-00-00'),
(2297, 11, 14, 'ver2.14.0', '2016-11-04'),
(2298, 8, 81, 'ver2.35', '2016-03-21'),
(2299, 35, 64, 'ver41.0.2353.69', '0000-00-00'),
(2300, 57, 90, 'ver5.0.57.0', '2015-01-26'),
(2301, 72, 46, 'ver24.0.0.186', '0000-00-00'),
(2302, 60, 87, 'ver54.0.2840.99', '2016-11-23'),
(2303, 70, 9, 'ver5.24', '0000-00-00'),
(2304, 10, 2, 'ver5.9', '0000-00-00'),
(2305, 62, 36, 'ver1.2.8.12', '2015-12-14'),
(2306, 41, 89, 'ver3.23.0.2', '0000-00-00'),
(2307, 34, 81, 'ver2.38', '2016-11-05'),
(2308, 9, 96, '', '2014-10-28'),
(2309, 52, 68, 'ver8.1.0.1013', '2016-11-06'),
(2310, 13, 34, 'ver8.0.1120.15', '2016-11-05'),
(2311, 41, 46, 'ver23.0.0.207', '0000-00-00'),
(2312, 22, 102, 'ver16.02', '0000-00-00'),
(2313, 22, 81, 'ver2.36', '2016-08-19'),
(2314, 43, 74, 'ver4.0.9', '2016-04-11'),
(2315, 34, 30, 'ver2.1.2', '2016-04-10'),
(2316, 4, 87, 'ver66.208.49239', '2016-12-14'),
(2317, 32, 95, 'ver14.0.23107', '2016-11-03'),
(2318, 58, 64, 'ver41.0.2353.69', '0000-00-00'),
(2319, 44, 60, 'ver0.91', '2015-06-24'),
(2320, 32, 102, 'ver16.04', '0000-00-00'),
(2321, 45, 70, 'ver5.1.50901.0', '2016-10-12'),
(2322, 68, 62, 'ver7.27.101', '2016-09-05'),
(2323, 12, 42, 'ver2.4.1', '2016-12-05'),
(2324, 53, 57, 'ver5.1.1.3', '2016-04-03'),
(2325, 70, 5, '', '0000-00-00'),
(2326, 9, 12, 'ver15.020.20042', '2016-11-07'),
(2327, 69, 12, 'ver15.020.20042', '2016-11-07'),
(2328, 18, 22, 'ver4.2.7.1893', '2010-02-26'),
(2329, 43, 75, 'ver5.9.2', '2016-09-15'),
(2330, 13, 87, 'ver54.0.2840.99', '2016-11-11'),
(2331, 39, 20, 'ver2.68a', '0000-00-00'),
(2332, 49, 55, 'ver15.4.3508.1109', '0000-00-00'),
(2333, 12, 25, 'ver12.0.6612.1000', '2016-12-05'),
(2334, 21, 86, 'ver2.5.8.0', '2014-08-30'),
(2335, 76, 90, 'ver5.0.229.0', '2016-04-25'),
(2336, 62, 49, 'ver7.1.7.2606', '2016-11-06'),
(2337, 33, 12, 'ver15.020.20042', '2016-11-07'),
(2338, 66, 87, 'ver66.208.49227', '2016-12-08'),
(2339, 73, 9, 'ver5.22', '0000-00-00'),
(2340, 13, 103, 'ver12.3.5', '2016-08-30'),
(2341, 31, 19, 'ver4.42', '0000-00-00'),
(2342, 40, 5, '', '0000-00-00'),
(2343, 6, 102, 'ver9.22', '0000-00-00'),
(2344, 61, 88, 'ver2.2.4', '0000-00-00');

--
-- Megkötések a kiírt táblákhoz
--

--
-- Megkötések a táblához `telepites`
--
ALTER TABLE `telepites`
  ADD CONSTRAINT `telepites_ibfk_1` FOREIGN KEY (`gepid`) REFERENCES `gep` (`id`) ON UPDATE CASCADE,
  ADD CONSTRAINT `telepites_ibfk_2` FOREIGN KEY (`szoftverid`) REFERENCES `szoftver` (`id`) ON UPDATE CASCADE;
COMMIT;

/*!40101 SET CHARACTER_SET_CLIENT=@OLD_CHARACTER_SET_CLIENT */;
/*!40101 SET CHARACTER_SET_RESULTS=@OLD_CHARACTER_SET_RESULTS */;
/*!40101 SET COLLATION_CONNECTION=@OLD_COLLATION_CONNECTION */;
