-- phpMyAdmin SQL Dump
-- version 4.6.4
-- https://www.phpmyadmin.net/
--
-- Gép: 127.0.0.1
-- Létrehozás ideje: 2019. Már 16. 12:50
-- Kiszolgáló verziója: 5.7.14
-- PHP verzió: 5.6.25

SET SQL_MODE = "NO_AUTO_VALUE_ON_ZERO";
SET time_zone = "+00:00";


/*!40101 SET @OLD_CHARACTER_SET_CLIENT=@@CHARACTER_SET_CLIENT */;
/*!40101 SET @OLD_CHARACTER_SET_RESULTS=@@CHARACTER_SET_RESULTS */;
/*!40101 SET @OLD_COLLATION_CONNECTION=@@COLLATION_CONNECTION */;
/*!40101 SET NAMES utf8mb4 */;

--
-- Adatbázis: `tarsashaz`
--

-- --------------------------------------------------------

--
-- Tábla szerkezet ehhez a táblához `befizetesek`
--

CREATE TABLE `befizetesek` (
  `befizid` int(11) NOT NULL,
  `lakasid` int(11) NOT NULL,
  `datum` date NOT NULL,
  `osszeg` int(11) NOT NULL
) ENGINE=InnoDB DEFAULT CHARSET=utf8mb4 COLLATE=utf8mb4_hungarian_ci;

--
-- A tábla adatainak kiíratása `befizetesek`
--

INSERT INTO `befizetesek` (`befizid`, `lakasid`, `datum`, `osszeg`) VALUES
(1, 1, '2018-01-04', 13500),
(2, 2, '2018-01-04', 13500),
(3, 3, '2018-01-04', 9000),
(4, 4, '2018-01-04', 9000),
(5, 5, '2018-01-04', 9000),
(6, 6, '2018-01-04', 13500),
(7, 7, '2018-01-04', 13500),
(8, 8, '2018-01-04', 9000),
(9, 9, '2018-01-04', 9000),
(10, 10, '2018-01-04', 9000),
(11, 1, '2018-02-04', 13500),
(12, 2, '2018-02-04', 13500),
(13, 3, '2018-02-04', 9000),
(14, 4, '2018-02-04', 9000),
(15, 5, '2018-02-04', 9000),
(16, 6, '2018-02-04', 13500),
(17, 7, '2018-02-04', 13500),
(18, 8, '2018-02-04', 9000),
(19, 9, '2018-02-04', 9000),
(20, 10, '2018-02-04', 9000),
(21, 1, '2018-03-04', 13500),
(22, 2, '2018-03-04', 13500),
(23, 3, '2018-03-04', 9000),
(24, 4, '2018-03-04', 9000),
(25, 5, '2018-03-04', 9000),
(26, 6, '2018-03-04', 13500),
(27, 7, '2018-03-04', 13500),
(28, 8, '2018-03-04', 9000),
(29, 9, '2018-03-04', 9000),
(30, 10, '2018-03-04', 9000),
(31, 1, '2018-04-04', 13500),
(32, 2, '2018-04-04', 13500),
(33, 3, '2018-04-04', 9000),
(34, 4, '2018-04-04', 9000),
(35, 5, '2018-04-04', 9000),
(36, 6, '2018-04-04', 13500),
(37, 7, '2018-04-04', 13500),
(38, 8, '2018-04-04', 9000),
(39, 9, '2018-04-04', 9000),
(40, 10, '2018-04-04', 9000),
(41, 1, '2018-05-04', 13500),
(42, 2, '2018-05-04', 13500),
(43, 3, '2018-05-04', 9000),
(44, 4, '2018-05-04', 9000),
(45, 5, '2018-05-04', 9000),
(46, 6, '2018-05-04', 13500),
(47, 7, '2018-05-04', 13500),
(48, 8, '2018-05-04', 9000),
(49, 9, '2018-05-04', 9000),
(50, 10, '2018-05-04', 9000),
(51, 1, '2018-06-04', 13500),
(52, 2, '2018-06-04', 13500),
(53, 3, '2018-06-04', 9000),
(54, 4, '2018-06-04', 9000),
(55, 5, '2018-06-04', 9000),
(56, 6, '2018-06-04', 13500),
(57, 7, '2018-06-04', 13500),
(58, 8, '2018-06-04', 9000),
(59, 9, '2018-06-04', 9000),
(60, 10, '2018-06-04', 9000),
(61, 1, '2018-07-04', 13500),
(62, 2, '2018-07-04', 13500),
(63, 3, '2018-07-04', 9000),
(64, 4, '2018-07-04', 9000),
(65, 5, '2018-07-04', 9000),
(66, 6, '2018-07-04', 13500),
(67, 7, '2018-07-04', 13500),
(68, 8, '2018-07-04', 9000),
(69, 9, '2018-07-04', 9000),
(70, 10, '2018-07-04', 9000),
(71, 1, '2018-08-04', 13500),
(72, 2, '2018-08-04', 13500),
(73, 3, '2018-08-04', 9000),
(74, 4, '2018-08-04', 9000),
(75, 5, '2018-08-04', 9000),
(76, 6, '2018-08-04', 13500),
(77, 7, '2018-08-04', 13500),
(78, 8, '2018-08-04', 9000),
(79, 9, '2018-08-04', 9000),
(80, 10, '2018-08-04', 9000),
(81, 1, '2018-09-04', 13500),
(82, 2, '2018-09-04', 13500),
(83, 3, '2018-09-04', 9000),
(84, 4, '2018-09-04', 9000),
(85, 5, '2018-09-04', 9000),
(86, 6, '2018-09-04', 13500),
(87, 7, '2018-09-04', 13500),
(88, 8, '2018-09-04', 9000),
(89, 9, '2018-09-04', 9000),
(90, 10, '2018-09-04', 9000),
(91, 1, '2018-10-04', 13500),
(92, 2, '2018-10-04', 13500),
(93, 3, '2018-10-04', 9000),
(94, 4, '2018-10-04', 9000),
(95, 5, '2018-10-04', 9000),
(96, 6, '2018-10-04', 13500),
(97, 8, '2018-10-04', 9000),
(98, 9, '2018-10-04', 9000),
(99, 10, '2018-10-04', 9000),
(100, 1, '2018-11-04', 15000),
(101, 2, '2018-11-04', 13500),
(102, 3, '2018-11-04', 9000),
(103, 4, '2018-11-04', 9000),
(104, 5, '2018-11-04', 9000),
(105, 6, '2018-11-04', 14000),
(106, 7, '2018-11-04', 13500),
(107, 8, '2018-11-04', 9000),
(108, 9, '2018-11-04', 9000),
(109, 10, '2018-11-04', 9000),
(110, 1, '2018-12-04', 13500),
(111, 2, '2018-12-04', 13500),
(112, 3, '2018-12-04', 9000),
(113, 4, '2018-12-04', 9000),
(114, 5, '2018-12-04', 9000),
(115, 6, '2018-12-04', 13500),
(116, 7, '2018-12-04', 13500),
(117, 8, '2018-12-04', 9000),
(118, 9, '2018-12-04', 9000),
(119, 10, '2018-12-04', 9000),
(120, 1, '2019-01-04', 14400),
(121, 2, '2019-01-04', 14400),
(122, 3, '2019-01-04', 9600),
(123, 4, '2019-01-04', 9600),
(124, 5, '2019-01-04', 9600),
(125, 6, '2019-01-04', 14400),
(126, 7, '2019-01-04', 14400),
(127, 8, '2019-01-04', 9600),
(128, 9, '2019-01-04', 9600),
(129, 10, '2019-01-04', 9600),
(130, 1, '2019-02-04', 14400),
(131, 2, '2019-02-04', 14400),
(132, 3, '2019-02-04', 9600),
(133, 4, '2019-02-04', 9600),
(134, 5, '2019-02-04', 9600),
(135, 6, '2019-02-04', 14400),
(136, 7, '2019-02-04', 14400),
(137, 8, '2019-02-04', 9600),
(138, 9, '2019-02-04', 9600),
(139, 10, '2019-02-04', 9600),
(140, 1, '2019-03-04', 14400),
(141, 2, '2019-03-04', 14400),
(142, 3, '2019-03-04', 9600),
(143, 4, '2019-03-04', 9600),
(144, 5, '2019-03-04', 9600),
(145, 6, '2019-03-04', 14400),
(146, 7, '2019-03-04', 14400),
(148, 10, '2019-03-04', 9600),
(153, 9, '2019-03-04', 9500);

-- --------------------------------------------------------

--
-- Tábla szerkezet ehhez a táblához `koltseg`
--

CREATE TABLE `koltseg` (
  `koltsegid` int(11) NOT NULL,
  `datum` date NOT NULL,
  `nmdij` int(11) NOT NULL
) ENGINE=InnoDB DEFAULT CHARSET=utf8mb4 COLLATE=utf8mb4_hungarian_ci;

--
-- A tábla adatainak kiíratása `koltseg`
--

INSERT INTO `koltseg` (`koltsegid`, `datum`, `nmdij`) VALUES
(13, '2018-01-01', 150),
(14, '2019-01-01', 160);

-- --------------------------------------------------------

--
-- Tábla szerkezet ehhez a táblához `lakasok`
--

CREATE TABLE `lakasok` (
  `lakasid` int(11) NOT NULL,
  `epulet` char(1) COLLATE utf8mb4_hungarian_ci NOT NULL,
  `ajto` char(2) COLLATE utf8mb4_hungarian_ci NOT NULL,
  `terulet` int(11) NOT NULL,
  `nev` varchar(50) COLLATE utf8mb4_hungarian_ci NOT NULL
) ENGINE=InnoDB DEFAULT CHARSET=utf8mb4 COLLATE=utf8mb4_hungarian_ci;

--
-- A tábla adatainak kiíratása `lakasok`
--

INSERT INTO `lakasok` (`lakasid`, `epulet`, `ajto`, `terulet`, `nev`) VALUES
(1, 'A', '1', 90, 'Balázs Róbert'),
(2, 'A', '2', 90, 'Nagy József'),
(3, 'A', '3', 60, 'Fazekas Sándor'),
(4, 'A', '4', 60, 'Sipos Attila'),
(5, 'A', '5', 60, 'Helmeczi Ildikó'),
(6, 'B', '1', 90, 'Kalászi József'),
(7, 'B', '2', 90, 'Szabó Sándor'),
(8, 'B', '3', 60, 'Juhász András'),
(9, 'B', '4', 60, 'Antal Erika'),
(10, 'B', '5', 60, 'Spitzer Gábor');

--
-- Indexek a kiírt táblákhoz
--

--
-- A tábla indexei `befizetesek`
--
ALTER TABLE `befizetesek`
  ADD PRIMARY KEY (`befizid`),
  ADD KEY `lakas` (`lakasid`);

--
-- A tábla indexei `koltseg`
--
ALTER TABLE `koltseg`
  ADD PRIMARY KEY (`koltsegid`),
  ADD UNIQUE KEY `datum` (`datum`);

--
-- A tábla indexei `lakasok`
--
ALTER TABLE `lakasok`
  ADD PRIMARY KEY (`lakasid`),
  ADD UNIQUE KEY `epulet` (`epulet`,`ajto`),
  ADD UNIQUE KEY `nev` (`nev`);

--
-- A kiírt táblák AUTO_INCREMENT értéke
--

--
-- AUTO_INCREMENT a táblához `befizetesek`
--
ALTER TABLE `befizetesek`
  MODIFY `befizid` int(11) NOT NULL AUTO_INCREMENT, AUTO_INCREMENT=157;
--
-- AUTO_INCREMENT a táblához `koltseg`
--
ALTER TABLE `koltseg`
  MODIFY `koltsegid` int(11) NOT NULL AUTO_INCREMENT, AUTO_INCREMENT=27;
--
-- AUTO_INCREMENT a táblához `lakasok`
--
ALTER TABLE `lakasok`
  MODIFY `lakasid` int(11) NOT NULL AUTO_INCREMENT, AUTO_INCREMENT=23;
--
-- Megkötések a kiírt táblákhoz
--

--
-- Megkötések a táblához `befizetesek`
--
ALTER TABLE `befizetesek`
  ADD CONSTRAINT `befizetesek_ibfk_1` FOREIGN KEY (`lakasid`) REFERENCES `lakasok` (`lakasid`);

/*!40101 SET CHARACTER_SET_CLIENT=@OLD_CHARACTER_SET_CLIENT */;
/*!40101 SET CHARACTER_SET_RESULTS=@OLD_CHARACTER_SET_RESULTS */;
/*!40101 SET COLLATION_CONNECTION=@OLD_COLLATION_CONNECTION */;
